,Player,Team,POS,RushingAtt,RushingYds,RushingTD,Receptions,ReceivingYds,ReceivingTD,FL,FPTS,PassingAtt,CMP,PassingYds,PassingTD,INTS
1,Jonathan Taylor,IND,RB,327.5,1608.9,14.8,42.3,,2.0,2.3,292.4,0.0,0.0,,0.0,0.0
2,Derrick Henry,TEN,RB,366.2,1649.5,13.1,27.3,,0.9,2.0,266.2,0.0,0.0,,0.0,0.0
3,Austin Ekeler,LAC,RB,219.1,976.6,9.4,74.5,,5.3,1.5,249.5,0.0,0.0,,0.0,0.0
4,Christian McCaffrey,CAR,RB,238.5,1055.5,7.5,88.9,,4.1,1.4,247.6,0.0,0.0,,0.0,0.0
5,Joe Mixon,CIN,RB,286.6,1193.7,9.7,46.8,,2.6,1.6,223.7,0.0,0.0,,0.0,0.0
6,Dalvin Cook,MIN,RB,276.2,1249.7,9.9,45.0,,1.5,2.6,221.7,0.0,0.0,,0.0,0.0
7,Alvin Kamara,NO,RB,216.3,952.4,7.9,59.1,,4.0,1.2,216.3,0.0,0.0,,0.0,0.0
8,Najee Harris,PIT,RB,294.6,1171.3,7.7,60.0,,2.1,1.6,211.5,0.0,0.0,,0.0,0.0
9,James Conner,ARI,RB,226.5,920.1,10.2,43.8,,2.3,1.6,199.7,0.0,0.0,,0.0,0.0
10,Leonard Fournette,TB,RB,222.2,936.8,8.9,60.6,,2.1,1.3,198.5,0.0,0.0,,0.0,0.0
11,Aaron Jones,GB,RB,193.6,920.0,6.1,60.9,,3.8,1.5,198.5,0.0,0.0,,0.0,0.0
12,Nick Chubb,CLE,RB,247.3,1228.6,8.7,25.0,,1.0,1.6,198.3,0.0,0.0,,0.0,0.0
13,Javonte Williams,DEN,RB,227.9,1007.3,7.6,45.7,,2.7,1.7,193.4,0.0,0.0,,0.0,0.0
14,Saquon Barkley,NYG,RB,238.9,1003.8,6.4,56.6,,2.2,1.5,190.3,0.0,0.0,,0.0,0.0
15,D'Andre Swift,DET,RB,215.3,909.1,6.4,65.4,,2.5,1.9,188.4,0.0,0.0,,0.0,0.0
16,David Montgomery,CHI,RB,240.8,971.8,7.6,45.3,,1.9,1.4,186.2,0.0,0.0,,0.0,0.0
17,Ezekiel Elliott,DAL,RB,232.3,970.9,8.1,40.8,,1.8,2.1,180.3,0.0,0.0,,0.0,0.0
18,Cam Akers,LAR,RB,236.3,1027.5,7.1,34.9,,1.6,3.3,176.4,0.0,0.0,,0.0,0.0
19,J.K. Dobbins,BAL,RB,196.2,949.7,8.2,33.3,,1.4,1.0,175.0,0.0,0.0,,0.0,0.0
20,Antonio Gibson,WAS,RB,228.0,956.8,7.6,35.6,,1.7,2.0,173.3,0.0,0.0,,0.0,0.0
21,Elijah Mitchell,SF,RB,239.1,1027.8,7.4,25.8,,1.3,1.2,172.3,0.0,0.0,,0.0,0.0
22,Damien Harris,NE,RB,214.1,973.4,10.0,18.2,,0.5,1.4,171.4,0.0,0.0,,0.0,0.0
23,Josh Jacobs,LV,RB,222.9,940.8,8.1,38.1,,0.9,1.9,171.0,0.0,0.0,,0.0,0.0
24,Breece Hall,NYJ,RB,219.5,959.9,6.1,40.4,,1.6,2.0,170.6,0.0,0.0,,0.0,0.0
25,Miles Sanders,PHI,RB,204.4,1043.5,5.7,32.0,,1.2,1.6,165.0,0.0,0.0,,0.0,0.0
26,Travis Etienne Jr.,JAC,RB,175.5,812.4,5.7,49.2,,2.0,1.7,163.9,0.0,0.0,,0.0,0.0
27,Rashaad Penny,SEA,RB,191.4,982.3,6.7,19.6,,0.6,1.2,154.2,0.0,0.0,,0.0,0.0
28,AJ Dillon,GB,RB,179.6,777.1,6.2,32.6,,1.5,1.2,148.4,0.0,0.0,,0.0,0.0
29,Devin Singletary,BUF,RB,183.4,847.0,6.0,33.1,,1.3,1.3,147.9,0.0,0.0,,0.0,0.0
30,Cordarrelle Patterson,ATL,RB,142.6,625.7,4.7,44.0,,2.8,0.9,146.1,0.0,0.0,,0.0,0.0
31,Clyde Edwards-Helaire,KC,RB,179.4,786.7,5.3,35.7,,1.9,1.3,146.1,0.0,0.0,,0.0,0.0
32,Tony Pollard,DAL,RB,157.3,749.4,3.8,45.1,,1.9,1.3,143.5,0.0,0.0,,0.0,0.0
33,Rhamondre Stevenson,NE,RB,175.2,734.2,6.5,30.2,,0.9,1.0,139.1,0.0,0.0,,0.0,0.0
34,Melvin Gordon III,DEN,RB,155.5,705.6,6.2,24.2,,1.3,1.9,130.2,0.0,0.0,,0.0,0.0
35,Chase Edmonds,MIA,RB,145.0,649.3,3.5,46.9,,1.7,0.9,127.8,0.0,0.0,,0.0,0.0
36,Kareem Hunt,CLE,RB,134.0,574.2,4.8,41.8,,1.8,0.8,127.2,0.0,0.0,,0.0,0.0
37,Ken Walker III,SEA,RB,161.6,703.2,4.8,18.6,,0.5,1.8,112.7,0.0,0.0,,0.0,0.0
38,James Robinson,JAC,RB,147.3,604.9,5.1,23.4,,0.7,1.2,110.4,0.0,0.0,,0.0,0.0
39,Marlon Mack,HOU,RB,146.0,687.3,4.4,16.5,,0.5,1.0,108.3,0.0,0.0,,0.0,0.0
40,James Cook,BUF,RB,110.1,505.7,3.9,30.9,,1.8,1.3,107.1,0.0,0.0,,0.0,0.0
41,Michael Carter,NYJ,RB,127.2,527.3,3.0,30.8,,1.0,0.8,101.5,0.0,0.0,,0.0,0.0
42,Dameon Pierce,HOU,RB,137.5,573.9,3.9,23.4,,0.9,1.8,100.7,0.0,0.0,,0.0,0.0
43,Darrell Henderson Jr.,LAR,RB,125.9,518.9,3.9,22.9,,1.4,0.7,100.1,0.0,0.0,,0.0,0.0
44,Raheem Mostert,MIA,RB,115.9,595.6,4.0,15.9,,0.9,1.4,98.9,0.0,0.0,,0.0,0.0
45,Jamaal Williams,DET,RB,139.5,574.5,3.5,23.0,,0.8,0.8,97.0,0.0,0.0,,0.0,0.0
46,Isaiah Spiller,LAC,RB,107.9,458.6,3.4,25.1,,1.4,1.3,92.4,0.0,0.0,,0.0,0.0
47,Kenneth Gainwell,PHI,RB,91.2,379.6,4.0,29.2,,1.3,1.1,91.0,0.0,0.0,,0.0,0.0
48,Alexander Mattison,MIN,RB,115.5,470.8,2.9,25.6,,1.0,0.9,87.7,0.0,0.0,,0.0,0.0
49,Gus Edwards,BAL,RB,125.4,555.8,3.8,10.0,,0.2,0.7,87.1,0.0,0.0,,0.0,0.0
50,Mark Ingram II,NO,RB,123.4,486.3,3.4,19.4,,0.7,1.0,85.7,0.0,0.0,,0.0,0.0
51,Tyler Allgeier,ATL,RB,130.4,529.8,2.9,18.5,,0.6,1.7,85.1,0.0,0.0,,0.0,0.0
52,Rachaad White,TB,RB,98.9,402.1,3.8,20.7,,1.0,1.2,83.3,0.0,0.0,,0.0,0.0
53,Nyheim Hines,IND,RB,70.1,277.9,1.8,43.9,,1.8,1.6,80.5,0.0,0.0,,0.0,0.0
54,Rex Burkhead,HOU,RB,77.2,353.0,2.6,28.8,,1.1,0.5,79.4,0.0,0.0,,0.0,0.0
55,Ronald Jones II,KC,RB,99.0,431.7,4.1,13.0,,0.6,0.8,78.2,0.0,0.0,,0.0,0.0
56,J.D. McKissic,WAS,RB,51.8,222.3,1.5,46.3,,1.9,0.5,78.0,0.0,0.0,,0.0,0.0
57,Brian Robinson Jr.,WAS,RB,105.4,442.8,3.3,11.0,,0.4,1.2,72.2,0.0,0.0,,0.0,0.0
58,Khalil Herbert,CHI,RB,112.2,419.4,2.7,15.9,,0.5,0.9,71.5,0.0,0.0,,0.0,0.0
59,Kenyan Drake,LV,RB,79.9,322.2,2.5,26.1,,0.9,0.6,71.2,0.0,0.0,,0.0,0.0
60,Darrel Williams,ARI,RB,82.4,308.4,2.8,21.5,,0.8,0.8,68.7,0.0,0.0,,0.0,0.0
61,D'Onta Foreman,CAR,RB,82.5,393.1,2.4,7.7,,0.2,0.9,60.6,0.0,0.0,,0.0,0.0
62,Sony Michel,MIA,RB,99.5,390.1,2.6,9.2,,0.1,0.5,60.2,0.0,0.0,,0.0,0.0
63,Damien Williams,ATL,RB,78.4,287.2,2.0,20.4,,0.8,0.9,58.6,0.0,0.0,,0.0,0.0
64,Zamir White,LV,RB,76.4,324.8,2.7,11.2,,0.4,1.2,58.4,0.0,0.0,,0.0,0.0
65,Jerick McKinnon,KC,RB,42.6,201.7,1.2,27.4,,1.4,0.5,57.5,0.0,0.0,,0.0,0.0
66,Isiah Pacheco,KC,RB,61.0,265.9,2.2,15.8,,0.7,1.0,55.0,0.0,0.0,,0.0,0.0
67,Boston Scott,PHI,RB,65.8,287.9,2.9,8.5,,0.2,0.2,53.5,0.0,0.0,,0.0,0.0
68,Dontrell Hilliard,TEN,RB,45.2,233.7,1.5,26.0,,0.6,1.0,52.5,0.0,0.0,,0.0,0.0
69,Matt Breida,NYG,RB,76.0,313.5,1.5,13.0,,0.7,1.5,51.9,0.0,0.0,,0.0,0.0
70,Samaje Perine,CIN,RB,65.7,249.8,1.3,18.0,,0.6,0.5,48.4,0.0,0.0,,0.0,0.0
71,Hassan Haskins,TEN,RB,69.1,301.5,1.9,8.2,,0.4,1.1,47.9,0.0,0.0,,0.0,0.0
72,Tyrion Davis-Price,SF,RB,56.1,231.4,1.8,10.7,,0.4,1.1,43.7,0.0,0.0,,0.0,0.0
73,Chuba Hubbard,CAR,RB,53.9,214.3,1.5,13.2,,0.5,0.5,41.8,0.0,0.0,,0.0,0.0
74,D'Ernest Johnson,CLE,RB,33.8,197.1,1.4,8.9,,0.2,0.1,36.1,0.0,0.0,,0.0,0.0
75,Ke'Shawn Vaughn,TB,RB,47.2,194.6,2.0,6.8,,0.1,0.7,35.2,0.0,0.0,,0.0,0.0
76,Phillip Lindsay,IND,RB,45.3,227.9,1.5,3.9,,0.1,0.1,35.1,0.0,0.0,,0.0,0.0
77,Kyle Juszczyk,SF,RB,12.2,39.1,0.6,24.3,,1.2,0.1,35.0,0.0,0.0,,0.0,0.0
78,Justin Jackson,DET,RB,23.8,158.1,1.2,9.7,,0.4,0.2,32.8,0.0,0.0,,0.0,0.0
79,Jeff Wilson Jr.,SF,RB,41.4,150.8,1.3,9.9,,0.6,0.5,32.7,0.0,0.0,,0.0,0.0
80,Eno Benjamin,ARI,RB,40.0,180.8,1.3,6.7,,0.2,0.2,31.7,0.0,0.0,,0.0,0.0
81,Brandon Bolden,LV,RB,27.8,121.5,0.7,15.1,,0.4,1.0,30.8,0.0,0.0,,0.0,0.0
82,Craig Reynolds,DET,RB,36.6,162.7,0.6,10.4,,0.4,0.5,29.4,0.0,0.0,,0.0,0.0
83,Chris Evans,CIN,RB,27.3,99.2,0.6,15.4,,0.8,0.1,28.9,0.0,0.0,,0.0,0.0
84,Tevin Coleman,NYJ,RB,24.9,171.4,0.9,8.1,,0.1,0.3,27.8,0.0,0.0,,0.0,0.0
85,Mike Davis,BAL,RB,29.3,155.1,1.0,10.3,,0.2,0.6,27.8,0.0,0.0,,0.0,0.0
86,Ameer Abdullah,LV,RB,15.7,99.3,0.4,16.4,,0.4,0.4,27.1,0.0,0.0,,0.0,0.0
87,Ty Montgomery,NE,RB,15.5,63.6,0.4,19.9,,0.5,0.2,26.8,0.0,0.0,,0.0,0.0
88,Giovani Bernard,TB,RB,16.1,102.1,0.6,12.4,,0.6,0.2,26.6,0.0,0.0,,0.0,0.0
89,Benny Snell Jr.,PIT,RB,41.5,166.3,1.0,5.0,,0.1,0.2,26.1,0.0,0.0,,0.0,0.0
90,Travis Homer,SEA,RB,15.9,97.3,0.5,10.8,,0.4,0.1,24.5,0.0,0.0,,0.0,0.0
91,J.J. Taylor,NE,RB,22.4,121.9,1.4,4.3,,0.2,0.1,24.4,0.0,0.0,,0.0,0.0
92,Zack Moss,BUF,RB,30.2,136.6,1.0,4.7,,0.2,0.1,24.2,0.0,0.0,,0.0,0.0
93,Duke Johnson Jr.,BUF,RB,27.0,122.9,0.9,6.9,,0.2,0.5,24.1,0.0,0.0,,0.0,0.0
94,Anthony McFarland Jr.,PIT,RB,20.9,118.9,0.7,5.6,,0.4,0.1,22.7,0.0,0.0,,0.0,0.0
95,Jermar Jefferson,DET,RB,26.9,114.0,1.3,4.8,,0.0,0.0,22.7,0.0,0.0,,0.0,0.0
96,Joshua Kelley,LAC,RB,17.6,130.6,0.9,5.8,,0.2,0.8,21.8,0.0,0.0,,0.0,0.0
97,DeeJay Dallas,SEA,RB,17.6,70.7,0.5,10.1,,0.4,0.2,18.1,0.0,0.0,,0.0,0.0
98,Trey Sermon,SF,RB,20.5,84.3,0.9,5.5,,0.1,0.0,17.9,0.0,0.0,,0.0,0.0
99,Gary Brightwell,NYG,RB,22.7,87.1,0.7,5.9,,0.1,0.1,17.8,0.0,0.0,,0.0,0.0
100,Pierre Strong Jr.,NE,RB,20.5,86.6,0.8,4.3,,0.1,0.0,17.6,0.0,0.0,,0.0,0.0
101,Myles Gaskin,MIA,RB,23.0,90.9,0.5,6.6,,0.1,0.0,17.1,0.0,0.0,,0.0,0.0
102,Tory Carter,TEN,RB,9.5,44.5,0.5,6.9,,0.6,0.0,15.9,0.0,0.0,,0.0,0.0
103,Jaret Patterson,WAS,RB,6.0,88.1,0.6,4.3,,0.2,0.1,15.9,0.0,0.0,,0.0,0.0
104,Kene Nwangwu,MIN,RB,21.5,87.2,0.6,4.1,,0.1,0.1,15.8,0.0,0.0,,0.0,0.0
105,Kevin Harris,NE,RB,21.6,91.8,0.7,3.0,,0.0,0.0,15.8,0.0,0.0,,0.0,0.0
106,Royce Freeman,HOU,RB,15.1,61.9,0.4,8.5,,0.3,0.0,15.5,0.0,0.0,,0.0,0.0
107,Demetric Felton Jr.,CLE,RB,3.6,25.1,0.1,9.4,,0.6,0.0,15.3,0.0,0.0,,0.0,0.0
108,Tony Jones Jr.,NO,RB,28.3,92.3,0.4,4.3,,0.1,0.0,14.9,0.0,0.0,,0.0,0.0
109,Tyler Badie,BAL,RB,20.9,100.0,0.5,2.5,,0.0,0.0,14.9,0.0,0.0,,0.0,0.0
110,Mike Boone,DEN,RB,15.0,78.2,0.7,3.5,,0.1,0.0,14.9,0.0,0.0,,0.0,0.0
111,Kyren Williams,LAR,RB,15.7,66.9,0.9,3.7,,0.0,0.1,14.7,0.0,0.0,,0.0,0.0
112,Darwin Thompson,SEA,RB,0.0,75.6,0.6,3.8,,0.2,0.1,14.5,0.0,0.0,,0.0,0.0
113,Ty Chandler,MIN,RB,21.3,86.1,0.4,4.0,,0.0,0.0,14.0,0.0,0.0,,0.0,0.0
114,Snoop Conner,JAC,RB,19.7,80.1,0.4,4.6,,0.1,0.1,13.9,0.0,0.0,,0.0,0.0
115,Abram Smith,NO,RB,20.6,85.2,0.6,1.9,,0.1,0.1,13.9,0.0,0.0,,0.0,0.0
116,Jerome Ford,CLE,RB,17.0,84.8,0.5,2.0,,0.0,0.0,13.4,0.0,0.0,,0.0,0.0
117,Patrick Ricard,BAL,RB,2.7,7.0,0.1,11.2,,0.8,0.0,13.4,0.0,0.0,,0.0,0.0
118,Dare Ogunbowale,HOU,RB,13.0,51.9,0.2,6.8,,0.2,0.1,12.3,0.0,0.0,,0.0,0.0
119,Qadree Ollison,ATL,RB,13.9,61.9,0.3,4.4,,0.2,0.1,11.7,0.0,0.0,,0.0,0.0
120,C.J. Ham,MIN,RB,5.4,15.3,0.1,9.8,,0.4,0.0,11.7,0.0,0.0,,0.0,0.0
121,Keaontay Ingram,ARI,RB,20.6,84.7,0.2,2.6,,0.0,0.1,11.6,0.0,0.0,,0.0,0.0
122,Larry Rountree III,LAC,RB,17.3,70.5,0.5,1.9,,0.1,0.1,11.6,0.0,0.0,,0.0,0.0
123,JaMycal Hasty,SF,RB,10.5,32.3,0.4,6.4,,0.2,0.0,11.6,0.0,0.0,,0.0,0.0
124,Dwayne Washington,NO,RB,16.8,47.9,0.3,4.5,,0.2,0.1,11.4,0.0,0.0,,0.0,0.0
125,Ty'Son Williams,IND,RB,13.6,64.8,0.4,2.5,,0.1,0.0,11.3,0.0,0.0,,0.0,0.0
126,Justice Hill,BAL,RB,9.6,41.5,0.4,3.7,,0.1,0.0,10.3,0.0,0.0,,0.0,0.0
127,Darrynton Evans,CHI,RB,12.2,54.1,0.3,4.1,,0.1,0.1,10.2,0.0,0.0,,0.0,0.0
128,Jake Funk,LAR,RB,9.6,48.3,0.4,2.9,,0.1,0.1,10.1,0.0,0.0,,0.0,0.0
129,Rico Dowdle,DAL,RB,13.3,54.3,0.2,3.6,,0.1,0.1,9.8,0.0,0.0,,0.0,0.0
130,Keith Smith,ATL,RB,8.1,24.4,0.2,7.0,,0.3,0.1,9.7,0.0,0.0,,0.0,0.0
131,Trenton Cannon,TEN,RB,7.5,20.3,0.1,5.3,,0.3,0.0,8.9,0.0,0.0,,0.0,0.0
132,Derrick Gore,KC,RB,6.2,24.9,0.1,6.3,,0.2,0.0,8.4,0.0,0.0,,0.0,0.0
133,Andy Janovich,HOU,RB,8.7,17.3,0.1,6.1,,0.2,0.0,8.3,0.0,0.0,,0.0,0.0
134,Kylin Hill,GB,RB,8.7,34.4,0.1,5.1,,0.1,0.0,8.3,0.0,0.0,,0.0,0.0
135,Mekhi Sargent,JAC,RB,2.2,42.1,0.3,3.2,,0.1,0.1,8.3,0.0,0.0,,0.0,0.0
136,Trestan Ebner,CHI,RB,7.8,32.7,0.3,2.8,,0.1,0.1,7.4,0.0,0.0,,0.0,0.0
137,Andrew Beck,DEN,RB,4.7,18.9,0.2,4.4,,0.2,0.0,7.2,0.0,0.0,,0.0,0.0
138,Devine Ozigbo,NO,RB,4.8,19.2,0.2,3.9,,0.2,0.0,7.1,0.0,0.0,,0.0,0.0
139,Alec Ingold,MIA,RB,4.3,17.5,0.2,4.4,,0.2,0.1,7.0,0.0,0.0,,0.0,0.0
140,Michael Burton,KC,RB,5.8,28.2,0.3,2.6,,0.2,0.0,6.9,0.0,0.0,,0.0,0.0
141,Giovanni Ricci,CAR,RB,4.5,18.2,0.1,4.1,,0.2,0.0,6.8,0.0,0.0,,0.0,0.0
142,Ryquell Armstead,JAC,RB,5.9,24.6,0.2,3.0,,0.1,0.0,6.8,0.0,0.0,,0.0,0.0
143,Ty Johnson,NYJ,RB,5.4,22.4,0.1,3.8,,0.2,0.1,6.7,0.0,0.0,,0.0,0.0
144,Alex Armah Jr.,WAS,RB,4.8,19.0,0.2,3.9,,0.2,0.0,6.7,0.0,0.0,,0.0,0.0
145,Cethan Carter,MIA,RB,0.0,0.9,0.0,2.6,,0.4,0.0,6.6,0.0,0.0,,0.0,0.0
146,La'Mical Perine,NYJ,RB,4.3,17.2,0.2,3.9,,0.2,0.0,6.4,0.0,0.0,,0.0,0.0
147,Deon Jackson,IND,RB,8.7,37.2,0.3,1.0,,0.0,0.1,6.4,0.0,0.0,,0.0,0.0
148,Mataeo Durant,PIT,RB,7.4,30.6,0.2,2.1,,0.1,0.0,6.0,0.0,0.0,,0.0,0.0
149,Jason Cabinda,DET,RB,3.3,10.7,0.1,4.8,,0.2,0.0,6.0,0.0,0.0,,0.0,0.0
150,Khari Blasingame,CHI,RB,2.4,10.2,0.1,4.2,,0.2,0.0,5.8,0.0,0.0,,0.0,0.0
151,Derek Watt,PIT,RB,2.2,10.0,0.1,4.3,,0.2,0.0,5.5,0.0,0.0,,0.0,0.0
152,Jakob Johnson,LV,RB,4.0,9.4,0.1,4.4,,0.2,0.0,5.4,0.0,0.0,,0.0,0.0
153,Johnny Stanton IV,CLE,RB,2.2,9.4,0.1,3.8,,0.2,0.0,5.4,0.0,0.0,,0.0,0.0
154,Patrick Taylor Jr.,GB,RB,5.3,22.2,0.2,2.1,,0.1,0.1,5.3,0.0,0.0,,0.0,0.0
155,Adam Prentice,NO,RB,4.4,18.7,0.1,2.0,,0.1,0.0,5.0,0.0,0.0,,0.0,0.0
156,Reggie Gilliam,BUF,RB,0.0,0.0,0.0,4.4,,0.2,0.0,4.6,0.0,0.0,,0.0,0.0
157,Antonio Williams,NYG,RB,5.0,21.6,0.2,1.4,,0.1,0.1,4.4,0.0,0.0,,0.0,0.0
158,Nick Bawden,NYJ,RB,0.0,0.0,0.0,4.3,,0.2,0.0,4.4,0.0,0.0,,0.0,0.0
159,Trayveon Williams,CIN,RB,2.9,11.9,0.1,2.8,,0.1,0.0,4.1,0.0,0.0,,0.0,0.0
160,Godwin Igwebuike,DET,RB,2.3,9.1,0.1,2.0,,0.1,0.0,3.5,0.0,0.0,,0.0,0.0
161,Jaylen Warren,PIT,RB,9.0,34.0,0.0,0.0,,0.0,0.0,3.4,0.0,0.0,,0.0,0.0
162,Jason Huntley,PHI,RB,2.9,12.6,0.1,1.1,,0.1,0.1,2.9,0.0,0.0,,0.0,0.0
163,Gabe Nabers,LAC,RB,4.4,14.1,0.1,1.1,,0.1,0.0,2.8,0.0,0.0,,0.0,0.0
164,Spencer Brown,BUF,RB,0.0,0.0,0.0,0.0,,0.0,0.0,0.0,0.0,0.0,,0.0,0.0
165,John Lovett,MIA,RB,0.0,0.0,0.0,0.0,,0.0,0.0,0.0,0.0,0.0,,0.0,0.0
166,Gerrid Doaks,MIA,RB,0.0,0.0,0.0,0.0,,0.0,0.0,0.0,0.0,0.0,,0.0,0.0
167,Nate McCrary,BAL,RB,0.0,0.0,0.0,0.0,,0.0,0.0,0.0,0.0,0.0,,0.0,0.0
168,John Kelly Jr.,CLE,RB,0.0,0.0,0.0,0.0,,0.0,0.0,0.0,0.0,0.0,,0.0,0.0
169,Taiwan Jones,BUF,RB,0.0,0.0,0.0,0.0,,0.0,0.0,0.0,0.0,0.0,,0.0,0.0
170,Salvon Ahmed,MIA,RB,0.0,0.0,0.0,0.0,,0.0,0.0,0.0,0.0,0.0,,0.0,0.0
171,Malik Davis,DAL,RB,0.0,0.0,0.0,0.0,,0.0,0.0,0.0,0.0,0.0,,0.0,0.0
172,Jonathan Williams,WAS,RB,0.0,0.0,0.0,0.0,,0.0,0.0,0.0,0.0,0.0,,0.0,0.0
173,Reggie Bonnafon,WAS,RB,0.0,0.0,0.0,0.0,,0.0,0.0,0.0,0.0,0.0,,0.0,0.0
174,0,0,RB,0.0,,0.0,0.0,,0.0,0.0,0.0,0.0,0.0,,0.0,0.0
175,0,0,RB,0.0,,0.0,0.0,,0.0,0.0,0.0,0.0,0.0,,0.0,0.0
1,Cooper Kupp,LAR,WR,4.1,,0.1,121.8,1593.8,12.4,0.6,235.5,0.0,0.0,,0.0,0.0
2,Ja'Marr Chase,CIN,WR,8.5,,0.2,91.7,1417.5,10.5,0.6,209.4,0.0,0.0,,0.0,0.0
3,Justin Jefferson,MIN,WR,3.1,,0.0,103.2,1506.8,9.6,0.6,208.7,0.0,0.0,,0.0,0.0
4,Deebo Samuel,SF,WR,66.2,,4.7,70.7,1052.8,6.1,0.7,206.4,0.0,0.0,,0.0,0.0
5,Davante Adams,LV,WR,0.0,,0.0,106.4,1322.2,9.2,0.5,186.7,0.0,0.0,,0.0,0.0
6,Stefon Diggs,BUF,WR,0.2,,0.0,102.1,1256.9,8.9,0.5,178.2,0.0,0.0,,0.0,0.0
7,CeeDee Lamb,DAL,WR,6.0,,0.1,91.3,1241.1,7.7,0.5,174.1,0.0,0.0,,0.0,0.0
8,Mike Evans,TB,WR,0.2,,0.0,82.2,1132.2,10.1,0.5,172.8,0.0,0.0,,0.0,0.0
9,Tyreek Hill,MIA,WR,8.8,,0.3,92.0,1148.9,8.0,0.5,170.1,0.0,0.0,,0.0,0.0
10,Tee Higgins,CIN,WR,0.2,,0.0,85.3,1195.2,7.8,0.5,165.6,0.0,0.0,,0.0,0.0
11,A.J. Brown,PHI,WR,0.8,,0.0,77.6,1134.6,8.1,0.5,162.0,0.0,0.0,,0.0,0.0
12,Mike Williams,LAC,WR,0.0,,0.0,74.6,1098.1,7.9,0.4,156.7,0.0,0.0,,0.0,0.0
13,Michael Pittman Jr.,IND,WR,3.7,,0.0,91.1,1126.7,6.6,0.6,154.6,0.0,0.0,,0.0,0.0
14,DJ Moore,CAR,WR,5.6,,0.1,87.0,1146.7,5.6,0.6,151.4,0.0,0.0,,0.0,0.0
15,Keenan Allen,LAC,WR,0.4,,0.0,99.6,1086.5,6.9,0.5,149.1,0.0,0.0,,0.0,0.0
16,Brandin Cooks,HOU,WR,2.6,,0.1,92.5,1109.3,6.1,0.5,148.9,0.0,0.0,,0.0,0.0
17,Gabriel Davis,BUF,WR,0.0,,0.0,61.2,954.2,8.8,0.1,147.8,0.0,0.0,,0.0,0.0
18,DK Metcalf,SEA,WR,0.4,,0.0,78.5,1057.2,6.8,0.6,145.8,0.0,0.0,,0.0,0.0
19,Diontae Johnson,PIT,WR,4.2,,0.1,94.8,1045.6,6.1,1.0,142.8,0.0,0.0,,0.0,0.0
20,Terry McLaurin,WAS,WR,0.4,,0.0,78.5,1071.2,5.9,0.4,141.9,0.0,0.0,,0.0,0.0
21,Jaylen Waddle,MIA,WR,3.3,,0.3,89.4,999.0,6.1,0.6,139.5,0.0,0.0,,0.0,0.0
22,Courtland Sutton,DEN,WR,0.2,,0.0,70.2,996.6,6.6,0.5,138.2,0.0,0.0,,0.0,0.0
23,Michael Thomas,NO,WR,0.2,,0.0,85.5,995.1,6.5,0.5,137.3,0.0,0.0,,0.0,0.0
24,Amon-Ra St. Brown,DET,WR,6.6,,0.4,87.6,951.3,6.0,0.5,137.0,0.0,0.0,,0.0,0.0
25,Jerry Jeudy,DEN,WR,1.2,,0.0,75.0,1021.5,5.8,0.6,136.5,0.0,0.0,,0.0,0.0
26,Marquise Brown,ARI,WR,2.0,,0.1,78.9,994.1,6.0,0.6,135.6,0.0,0.0,,0.0,0.0
27,Darnell Mooney,CHI,WR,5.0,,0.2,77.9,1029.5,4.8,0.5,135.1,0.0,0.0,,0.0,0.0
28,Tyler Lockett,SEA,WR,2.1,,0.1,74.2,995.7,5.6,0.5,133.6,0.0,0.0,,0.0,0.0
29,Chris Godwin,TB,WR,2.2,,0.3,80.7,936.2,6.3,0.9,132.5,0.0,0.0,,0.0,0.0
30,Elijah Moore,NYJ,WR,6.2,,0.5,70.0,904.4,5.8,0.5,132.4,0.0,0.0,,0.0,0.0
31,Adam Thielen,MIN,WR,0.4,,0.0,74.2,841.0,7.9,0.5,130.3,0.0,0.0,,0.0,0.0
32,Amari Cooper,CLE,WR,0.2,,0.0,75.5,951.5,6.0,0.5,130.2,0.0,0.0,,0.0,0.0
33,JuJu Smith-Schuster,KC,WR,2.3,,0.5,78.5,854.0,6.6,0.5,127.5,0.0,0.0,,0.0,0.0
34,Robert Woods,TEN,WR,8.9,,0.7,73.5,875.6,5.0,0.5,127.0,0.0,0.0,,0.0,0.0
35,Allen Robinson II,LAR,WR,0.0,,0.0,75.4,914.3,6.0,0.5,126.5,0.0,0.0,,0.0,0.0
36,Hunter Renfrow,LV,WR,1.2,,0.0,82.9,884.7,6.3,0.6,125.9,0.0,0.0,,0.0,0.0
37,Rashod Bateman,BAL,WR,0.2,,0.0,73.5,931.9,5.0,0.5,122.7,0.0,0.0,,0.0,0.0
38,DeVonta Smith,PHI,WR,0.0,,0.0,62.8,863.3,5.6,0.5,119.1,0.0,0.0,,0.0,0.0
39,Chase Claypool,PIT,WR,8.7,,0.2,63.8,852.3,4.6,0.5,118.4,0.0,0.0,,0.0,0.0
40,Treylon Burks,TEN,WR,4.0,,0.3,59.6,855.2,5.2,1.2,118.3,0.0,0.0,,0.0,0.0
41,Drake London,ATL,WR,0.8,,0.0,68.4,901.7,4.8,1.2,117.2,0.0,0.0,,0.0,0.0
42,Allen Lazard,GB,WR,1.4,,0.0,56.4,760.6,6.6,0.4,116.1,0.0,0.0,,0.0,0.0
43,Christian Kirk,JAC,WR,0.8,,0.0,71.3,873.3,4.6,0.5,114.4,0.0,0.0,,0.0,0.0
44,Brandon Aiyuk,SF,WR,2.9,,0.0,60.3,817.4,5.3,0.5,114.2,0.0,0.0,,0.0,0.0
45,Mecole Hardman,KC,WR,8.4,,0.4,58.5,737.5,4.6,1.0,108.1,0.0,0.0,,0.0,0.0
46,DeAndre Hopkins,ARI,WR,0.0,,0.0,58.4,738.5,5.4,0.5,105.4,0.0,0.0,,0.0,0.0
47,Kenny Golladay,NYG,WR,0.0,,0.0,55.8,789.6,4.5,0.4,104.9,0.0,0.0,,0.0,0.0
48,Marquez Valdes-Scantling,KC,WR,0.6,,0.0,45.6,742.9,4.9,0.1,104.1,0.0,0.0,,0.0,0.0
49,Jakobi Meyers,NE,WR,0.4,,0.0,72.6,818.8,3.8,0.5,103.7,0.0,0.0,,0.0,0.0
50,DeVante Parker,NE,WR,0.0,,0.0,56.4,753.6,4.7,0.4,102.9,0.0,0.0,,0.0,0.0
51,Kadarius Toney,NYG,WR,8.8,,0.1,63.2,735.2,3.8,0.5,101.8,0.0,0.0,,0.0,0.0
52,Chris Olave,NO,WR,0.4,,0.0,51.6,741.4,4.8,0.7,101.5,0.0,0.0,,0.0,0.0
53,Russell Gage,TB,WR,0.2,,0.0,63.3,716.6,5.1,0.9,100.6,0.0,0.0,,0.0,0.0
54,Tyler Boyd,CIN,WR,2.7,,0.0,64.1,740.0,4.2,0.5,100.4,0.0,0.0,,0.0,0.0
55,Michael Gallup,DAL,WR,2.0,,0.0,50.0,705.5,4.8,0.4,100.2,0.0,0.0,,0.0,0.0
56,Jarvis Landry,NO,WR,3.0,,0.3,59.3,719.3,4.3,0.6,99.6,0.0,0.0,,0.0,0.0
57,Garrett Wilson,NYJ,WR,1.8,,0.0,54.3,745.6,4.2,1.2,98.6,0.0,0.0,,0.0,0.0
58,Jalen Tolbert,DAL,WR,0.4,,0.0,53.7,711.8,4.9,1.2,98.5,0.0,0.0,,0.0,0.0
59,Robbie Anderson,CAR,WR,3.7,,0.1,57.7,681.2,4.7,0.4,98.4,0.0,0.0,,0.0,0.0
60,Marvin Jones Jr.,JAC,WR,0.0,,0.0,57.1,685.4,4.8,0.4,96.5,0.0,0.0,,0.0,0.0
61,Skyy Moore,KC,WR,0.4,,0.0,49.0,670.4,4.8,1.2,94.0,0.0,0.0,,0.0,0.0
62,DJ Chark Jr.,DET,WR,0.2,,0.0,46.7,659.1,4.6,0.1,93.4,0.0,0.0,,0.0,0.0
63,Corey Davis,NYJ,WR,0.0,,0.0,46.8,658.8,4.0,0.5,89.1,0.0,0.0,,0.0,0.0
64,Van Jefferson,LAR,WR,1.9,,0.0,45.4,623.2,4.0,0.1,88.1,0.0,0.0,,0.0,0.0
65,Jahan Dotson,WAS,WR,0.4,,0.0,51.0,674.6,3.6,1.2,87.1,0.0,0.0,,0.0,0.0
66,Nico Collins,HOU,WR,0.0,,0.0,52.0,681.8,3.3,0.5,86.9,0.0,0.0,,0.0,0.0
67,K.J. Osborn,MIN,WR,0.2,,0.0,45.5,579.0,4.6,0.4,84.6,0.0,0.0,,0.0,0.0
68,Donovan Peoples-Jones,CLE,WR,0.0,,0.0,42.9,643.5,3.5,0.4,84.4,0.0,0.0,,0.0,0.0
69,George Pickens,PIT,WR,0.4,,0.0,52.8,656.3,3.4,1.2,84.0,0.0,0.0,,0.0,0.0
70,Curtis Samuel,WAS,WR,16.6,,0.8,44.3,502.1,3.4,0.5,83.9,0.0,0.0,,0.0,0.0
71,Kendrick Bourne,NE,WR,6.4,,0.1,42.1,543.5,3.8,0.5,82.0,0.0,0.0,,0.0,0.0
72,Julio Jones,TB,WR,0.0,,0.0,45.4,608.8,3.6,0.4,81.4,0.0,0.0,,0.0,0.0
73,Parris Campbell,IND,WR,0.5,,0.0,48.3,588.3,3.6,0.1,80.6,0.0,0.0,,0.0,0.0
74,Joshua Palmer,LAC,WR,0.0,,0.0,46.9,550.8,4.3,0.2,80.2,0.0,0.0,,0.0,0.0
75,Rondale Moore,ARI,WR,17.3,,0.6,51.5,507.7,2.8,0.6,79.8,0.0,0.0,,0.0,0.0
76,Randall Cobb,GB,WR,0.8,,0.0,42.6,545.0,4.2,0.5,78.9,0.0,0.0,,0.0,0.0
77,Nick Westbrook-Ikhine,TEN,WR,0.0,,0.0,42.2,541.7,3.8,0.5,76.3,0.0,0.0,,0.0,0.0
78,Christian Watson,GB,WR,1.2,,0.0,37.0,513.6,3.5,0.7,71.9,0.0,0.0,,0.0,0.0
79,Alec Pierce,IND,WR,0.0,,0.0,37.3,506.3,3.5,0.3,71.0,0.0,0.0,,0.0,0.0
80,KJ Hamler,DEN,WR,3.1,,0.0,39.2,507.6,3.0,0.1,70.5,0.0,0.0,,0.0,0.0
81,Laviska Shenault Jr.,JAC,WR,10.5,,0.3,44.5,469.0,2.8,0.4,69.9,0.0,0.0,,0.0,0.0
82,Jameson Williams,DET,WR,0.4,,0.0,37.5,514.0,2.9,0.6,67.9,0.0,0.0,,0.0,0.0
83,Jamison Crowder,BUF,WR,2.2,,0.2,44.3,462.6,3.2,0.5,67.3,0.0,0.0,,0.0,0.0
84,Sammy Watkins,GB,WR,0.6,,0.0,37.2,493.9,3.0,0.4,66.9,0.0,0.0,,0.0,0.0
85,Devin Duvernay,BAL,WR,4.9,,0.1,41.4,469.3,2.7,0.2,66.5,0.0,0.0,,0.0,0.0
86,A.J. Green,ARI,WR,0.0,,0.0,35.2,504.6,2.6,0.1,65.9,0.0,0.0,,0.0,0.0
87,Byron Pringle,CHI,WR,0.0,,0.0,37.3,469.8,2.8,0.2,63.8,0.0,0.0,,0.0,0.0
88,Cedrick Wilson Jr.,MIA,WR,0.6,,0.0,38.3,459.3,3.1,0.5,63.6,0.0,0.0,,0.0,0.0
89,Wan'Dale Robinson,NYG,WR,5.7,,0.1,39.9,452.0,2.4,0.3,62.7,0.0,0.0,,0.0,0.0
90,Sterling Shepard,NYG,WR,0.8,,0.0,46.9,483.2,2.4,0.4,62.5,0.0,0.0,,0.0,0.0
91,Bryan Edwards,ATL,WR,0.2,,0.0,32.8,465.2,2.4,0.1,60.8,0.0,0.0,,0.0,0.0
92,James Washington,DAL,WR,0.4,,0.0,27.1,399.9,3.3,0.1,59.6,0.0,0.0,,0.0,0.0
93,Velus Jones Jr.,CHI,WR,1.0,,0.0,31.6,406.9,2.5,0.3,55.6,0.0,0.0,,0.0,0.0
94,Braxton Berrios,NYJ,WR,5.2,,0.9,35.2,354.7,2.0,0.5,55.2,0.0,0.0,,0.0,0.0
95,Zay Jones,JAC,WR,0.4,,0.0,35.2,422.1,2.3,0.4,55.0,0.0,0.0,,0.0,0.0
96,Chris Conley,HOU,WR,0.0,,0.0,34.0,414.3,2.2,0.2,54.0,0.0,0.0,,0.0,0.0
97,Nelson Agholor,NE,WR,1.5,,0.0,28.1,379.3,2.3,0.1,52.6,0.0,0.0,,0.0,0.0
98,Romeo Doubs,GB,WR,0.7,,0.0,28.4,379.5,2.4,1.1,50.9,0.0,0.0,,0.0,0.0
99,Olamide Zaccheaus,ATL,WR,0.4,,0.0,29.0,374.8,2.2,0.1,50.5,0.0,0.0,,0.0,0.0
100,Terrace Marshall Jr.,CAR,WR,0.0,,0.0,29.6,367.6,2.3,0.1,50.3,0.0,0.0,,0.0,0.0
101,Jauan Jennings,SF,WR,0.0,,0.0,28.6,325.3,2.6,0.1,48.1,0.0,0.0,,0.0,0.0
102,Amari Rodgers,GB,WR,1.5,,0.0,26.3,341.3,2.3,0.4,48.0,0.0,0.0,,0.0,0.0
103,David Bell,CLE,WR,1.2,,0.0,28.5,357.0,1.9,0.6,47.1,0.0,0.0,,0.0,0.0
104,Isaiah McKenzie,BUF,WR,6.8,,0.3,28.2,280.9,2.2,0.2,46.7,0.0,0.0,,0.0,0.0
105,Quez Watkins,PHI,WR,0.0,,0.0,25.5,352.8,1.8,0.0,46.2,0.0,0.0,,0.0,0.0
106,Jalen Guyton,LAC,WR,4.4,,0.1,21.5,312.3,2.0,0.1,46.2,0.0,0.0,,0.0,0.0
107,Dee Eskridge,SEA,WR,4.3,,0.1,24.2,311.7,1.5,0.3,43.1,0.0,0.0,,0.0,0.0
108,James Proche II,BAL,WR,0.0,,0.0,26.0,311.6,1.8,0.1,42.0,0.0,0.0,,0.0,0.0
109,Freddie Swain,SEA,WR,0.5,,0.0,25.3,303.1,1.8,0.1,41.4,0.0,0.0,,0.0,0.0
110,Darius Slayton,NYG,WR,0.3,,0.0,23.6,316.3,1.7,0.4,40.9,0.0,0.0,,0.0,0.0
111,Keelan Cole Sr.,LV,WR,0.2,,0.0,19.4,274.3,1.7,0.0,37.7,0.0,0.0,,0.0,0.0
112,Marquez Callaway,NO,WR,1.8,,0.1,17.5,256.3,1.7,0.0,37.3,0.0,0.0,,0.0,0.0
113,Phillip Dorsett II,HOU,WR,0.5,,0.0,20.6,251.3,1.2,0.1,32.7,0.0,0.0,,0.0,0.0
114,Josh Reynolds,DET,WR,0.0,,0.0,16.9,233.5,1.6,0.1,32.6,0.0,0.0,,0.0,0.0
115,Rashard Higgins,CAR,WR,0.3,,0.0,17.4,233.7,1.2,0.1,31.0,0.0,0.0,,0.0,0.0
116,Tylan Wallace,BAL,WR,0.0,,0.0,16.1,208.1,1.3,0.1,28.7,0.0,0.0,,0.0,0.0
117,Laquon Treadwell,JAC,WR,0.0,,0.0,15.9,211.6,1.3,0.0,28.6,0.0,0.0,,0.0,0.0
118,Anthony Schwartz,CLE,WR,1.1,,0.0,15.1,200.6,1.3,0.1,28.5,0.0,0.0,,0.0,0.0
119,Jaylon Moore,BAL,WR,0.0,,0.0,16.8,202.8,1.3,0.0,28.2,0.0,0.0,,0.0,0.0
120,Keke Coutee,IND,WR,0.0,,0.0,17.8,204.4,1.3,0.0,28.1,0.0,0.0,,0.0,0.0
121,Noah Brown,DAL,WR,0.0,,0.0,15.9,189.0,1.3,0.1,26.7,0.0,0.0,,0.0,0.0
122,Ben Skowronek,LAR,WR,0.0,,0.0,15.1,185.0,1.3,0.0,26.5,0.0,0.0,,0.0,0.0
123,KhaDarel Hodge,ATL,WR,0.0,,0.0,13.9,206.3,0.9,0.0,26.0,0.0,0.0,,0.0,0.0
124,Jamal Agnew,JAC,WR,8.6,,0.4,12.0,135.8,0.7,0.1,25.5,0.0,0.0,,0.0,0.0
125,Montrell Washington,DEN,WR,0.0,,0.0,13.0,174.0,1.0,0.0,23.4,0.0,0.0,,0.0,0.0
126,Equanimeous St. Brown,CHI,WR,0.0,,0.0,13.0,179.4,0.9,0.1,23.3,0.0,0.0,,0.0,0.0
127,Dez Fitzpatrick,TEN,WR,0.0,,0.0,13.1,175.3,1.0,0.0,23.3,0.0,0.0,,0.0,0.0
128,Dyami Brown,WAS,WR,0.0,,0.0,11.7,180.4,0.9,0.0,23.1,0.0,0.0,,0.0,0.0
129,Quintez Cephus,DET,WR,0.0,,0.0,11.0,149.2,1.3,0.0,22.8,0.0,0.0,,0.0,0.0
130,Zach Pascal,PHI,WR,0.3,,0.0,11.6,147.3,1.1,0.0,21.6,0.0,0.0,,0.0,0.0
131,Ty Montgomery,NE,WR,9.7,,0.5,10.3,99.2,0.5,0.0,21.5,0.0,0.0,,0.0,0.0
132,Kalif Raymond,DET,WR,0.7,,0.0,12.5,150.5,1.0,0.0,21.5,0.0,0.0,,0.0,0.0
133,Calvin Austin III,PIT,WR,0.0,,0.0,15.3,180.4,0.6,0.1,21.4,0.0,0.0,,0.0,0.0
134,Chester Rogers,HOU,WR,0.0,,0.0,14.4,161.2,0.8,0.0,20.7,0.0,0.0,,0.0,0.0
135,Erik Ezukanma,MIA,WR,0.0,,0.0,10.9,149.1,1.0,0.1,20.7,0.0,0.0,,0.0,0.0
136,Damiere Byrd,ATL,WR,0.0,,0.0,13.1,152.0,0.7,0.1,19.5,0.0,0.0,,0.0,0.0
137,Chris Moore,HOU,WR,0.0,,0.0,14.0,152.3,0.7,0.1,19.3,0.0,0.0,,0.0,0.0
138,Ihmir Smith-Marsette,MIN,WR,0.0,,0.0,11.4,141.6,0.8,0.1,19.0,0.0,0.0,,0.0,0.0
139,Breshad Perriman,TB,WR,0.0,,0.0,9.3,133.0,0.9,0.0,18.9,0.0,0.0,,0.0,0.0
140,Antoine Wesley,ARI,WR,0.0,,0.0,11.0,135.6,0.9,0.0,18.8,0.0,0.0,,0.0,0.0
141,Cody Hollister,TEN,WR,0.0,,0.0,11.3,133.2,0.9,0.0,18.8,0.0,0.0,,0.0,0.0
142,Cam Sims,WAS,WR,0.0,,0.0,10.0,139.3,0.8,0.0,18.7,0.0,0.0,,0.0,0.0
143,Ray-Ray McCloud,SF,WR,0.0,,0.0,12.4,139.8,0.8,0.0,18.7,0.0,0.0,,0.0,0.0
144,Lynn Bowden Jr.,MIA,WR,2.3,,0.1,11.4,117.5,0.6,0.0,17.4,0.0,0.0,,0.0,0.0
145,Ja'Marcus Bradley,CLE,WR,0.0,,0.0,10.0,129.0,0.7,0.0,17.0,0.0,0.0,,0.0,0.0
146,Kristian Wilkerson,NE,WR,0.0,,0.0,10.1,117.7,0.8,0.0,16.3,0.0,0.0,,0.0,0.0
147,Tutu Atwell,LAR,WR,0.0,,0.0,8.8,112.2,0.8,0.1,15.7,0.0,0.0,,0.0,0.0
148,Ashton Dulin,IND,WR,1.2,,0.1,8.1,107.2,0.6,0.1,15.4,0.0,0.0,,0.0,0.0
149,Brandon Zylstra,CAR,WR,0.0,,0.0,9.4,119.0,0.6,0.1,15.3,0.0,0.0,,0.0,0.0
150,Albert Wilson,MIN,WR,4.4,,0.2,7.5,77.2,0.5,0.0,15.0,0.0,0.0,,0.0,0.0
151,Trent Sherfield,MIA,WR,0.0,,0.0,8.9,110.5,0.6,0.0,14.8,0.0,0.0,,0.0,0.0
152,Tyquan Thornton,NE,WR,0.0,,0.0,8.7,102.5,0.7,0.1,14.1,0.0,0.0,,0.0,0.0
153,Tyler Johnson,TB,WR,0.0,,0.0,8.8,101.1,0.6,0.0,13.7,0.0,0.0,,0.0,0.0
154,Juwan Johnson,NO,WR,0.0,,0.0,9.3,93.5,0.7,0.0,13.3,0.0,0.0,,0.0,0.0
155,Richie James Jr.,NYG,WR,0.0,,0.0,8.0,100.2,0.5,0.1,12.8,0.0,0.0,,0.0,0.0
156,Samori Toure,GB,WR,0.0,,0.0,6.8,80.6,0.7,0.0,12.4,0.0,0.0,,0.0,0.0
157,Juwann Winfree,GB,WR,0.0,,0.0,7.2,83.8,0.6,0.0,12.0,0.0,0.0,,0.0,0.0
158,Jeff Smith,NYJ,WR,0.0,,0.0,6.7,90.3,0.5,0.0,11.7,0.0,0.0,,0.0,0.0
159,Danny Gray,SF,WR,0.0,,0.0,7.8,90.6,0.5,0.1,11.6,0.0,0.0,,0.0,0.0
160,Terry Godwin,TEN,WR,0.0,,0.0,6.9,85.7,0.5,0.0,11.6,0.0,0.0,,0.0,0.0
161,Penny Hart,SEA,WR,0.0,,0.0,8.0,85.2,0.5,0.0,11.5,0.0,0.0,,0.0,0.0
162,Dazz Newsome,CHI,WR,0.0,,0.0,6.4,84.1,0.5,0.0,11.1,0.0,0.0,,0.0,0.0
163,Simi Fehoko,DAL,WR,0.0,,0.0,6.1,80.2,0.5,0.0,11.1,0.0,0.0,,0.0,0.0
164,Khalil Shakir,BUF,WR,0.7,,0.0,6.6,78.2,0.5,0.0,11.1,0.0,0.0,,0.0,0.0
165,Preston Williams,MIA,WR,0.0,,0.0,6.7,79.2,0.5,0.0,11.0,0.0,0.0,,0.0,0.0
166,Auden Tate,ATL,WR,0.0,,0.0,6.2,80.0,0.5,0.0,10.7,0.0,0.0,,0.0,0.0
167,Jalen Reagor,PHI,WR,3.1,,0.1,5.7,61.8,0.4,0.1,10.7,0.0,0.0,,0.0,0.0
168,Deonte Harty,NO,WR,1.3,,0.0,4.7,63.9,0.5,0.0,10.6,0.0,0.0,,0.0,0.0
169,David Moore,CHI,WR,0.0,,0.0,6.3,80.7,0.4,0.0,10.6,0.0,0.0,,0.0,0.0
170,Marcus Johnson,SF,WR,0.0,,0.0,6.0,73.9,0.5,0.0,10.6,0.0,0.0,,0.0,0.0
171,Kendall Hinton,DEN,WR,0.0,,0.0,4.8,77.5,0.5,0.0,10.5,0.0,0.0,,0.0,0.0
172,Christian Blake,PIT,WR,0.0,,0.0,6.8,76.7,0.5,0.0,10.4,0.0,0.0,,0.0,0.0
173,Tre'Quan Smith,NO,WR,0.0,,0.0,6.5,69.9,0.5,0.0,10.0,0.0,0.0,,0.0,0.0
174,Dezmon Patmon,IND,WR,0.0,,0.0,5.4,67.3,0.5,0.0,10.0,0.0,0.0,,0.0,0.0
175,Miles Boykin,PIT,WR,0.0,,0.0,5.8,74.3,0.4,0.0,9.8,0.0,0.0,,0.0,0.0
176,N'Keal Harry,CHI,WR,0.0,,0.0,5.8,75.5,0.4,0.0,9.7,0.0,0.0,,0.0,0.0
177,T.J. Vasher,DAL,WR,0.0,,0.0,5.6,64.9,0.6,0.0,9.7,0.0,0.0,,0.0,0.0
178,Kyle Philips,TEN,WR,0.0,,0.0,7.2,82.6,0.3,0.0,9.7,0.0,0.0,,0.0,0.0
179,Tajae Sharpe,CHI,WR,0.0,,0.0,5.9,71.4,0.4,0.0,9.6,0.0,0.0,,0.0,0.0
180,Racey McMath,TEN,WR,0.0,,0.0,5.4,70.9,0.4,0.0,9.5,0.0,0.0,,0.0,0.0
181,Mike Strachan,IND,WR,0.0,,0.0,5.8,68.2,0.5,0.0,9.5,0.0,0.0,,0.0,0.0
182,DeAndre Carter,LAC,WR,0.0,,0.0,5.4,64.8,0.4,0.0,8.8,0.0,0.0,,0.0,0.0
183,Greg Ward,PHI,WR,0.0,,0.0,5.3,61.7,0.4,0.0,8.6,0.0,0.0,,0.0,0.0
184,Andre Roberts,CAR,WR,0.0,,0.0,3.9,67.6,0.3,0.0,8.6,0.0,0.0,,0.0,0.0
185,Marquise Goodwin,SEA,WR,0.0,,0.0,4.8,67.1,0.3,0.0,8.5,0.0,0.0,,0.0,0.0
186,Mack Hollins,LV,WR,0.0,,0.0,4.0,59.0,0.4,0.0,8.3,0.0,0.0,,0.0,0.0
187,Nsimba Webster,CHI,WR,0.0,,0.0,3.0,65.1,0.3,0.0,8.1,0.0,0.0,,0.0,0.0
188,Tyron Johnson,LV,WR,0.0,,0.0,4.5,57.4,0.4,0.0,8.0,0.0,0.0,,0.0,0.0
189,Javon Wims,CLE,WR,0.0,,0.0,5.9,59.3,0.3,0.0,8.0,0.0,0.0,,0.0,0.0
190,Trent Taylor,CIN,WR,0.0,,0.0,4.6,56.4,0.4,0.0,7.9,0.0,0.0,,0.0,0.0
191,Trey Quinn,DEN,WR,0.0,,0.0,4.6,64.4,0.2,0.0,7.8,0.0,0.0,,0.0,0.0
192,Matthew Slater,NE,WR,0.0,,0.0,1.3,64.6,0.2,0.0,7.5,0.0,0.0,,0.0,0.0
193,Mohamed Sanu Sr.,MIA,WR,0.0,,0.0,5.8,54.2,0.4,0.0,7.5,0.0,0.0,,0.0,0.0
194,Mike Thomas,CIN,WR,0.0,,0.0,4.6,55.3,0.3,0.0,7.3,0.0,0.0,,0.0,0.0
195,Malik Turner,SF,WR,0.0,,0.0,3.4,51.9,0.3,0.0,7.2,0.0,0.0,,0.0,0.0
196,Tyrie Cleveland,DEN,WR,0.0,,0.0,3.5,53.1,0.3,0.0,7.2,0.0,0.0,,0.0,0.0
197,Seth Williams,DEN,WR,0.0,,0.0,4.1,50.8,0.3,0.0,7.1,0.0,0.0,,0.0,0.0
198,Cyril Grayson Jr.,TB,WR,0.0,,0.0,3.9,47.2,0.4,0.0,7.1,0.0,0.0,,0.0,0.0
199,Jaelon Darden,TB,WR,0.0,,0.0,3.4,48.1,0.3,0.0,6.6,0.0,0.0,,0.0,0.0
200,Jake Kumerow,BUF,WR,0.0,,0.0,3.6,44.0,0.3,0.0,6.4,0.0,0.0,,0.0,0.0
201,Stanley Morgan Jr.,CIN,WR,0.0,,0.0,4.5,50.6,0.2,0.0,6.4,0.0,0.0,,0.0,0.0
202,Malik Taylor,GB,WR,0.0,,0.0,3.6,43.2,0.3,0.0,6.3,0.0,0.0,,0.0,0.0
203,C.J. Board,NYG,WR,0.0,,0.0,2.7,47.0,0.2,0.0,6.1,0.0,0.0,,0.0,0.0
204,Greg Dortch,ARI,WR,0.0,,0.0,3.7,43.9,0.3,0.0,6.1,0.0,0.0,,0.0,0.0
205,Marquez Stevenson,BUF,WR,0.0,,0.0,3.6,40.7,0.3,0.0,6.1,0.0,0.0,,0.0,0.0
206,Bisi Johnson,MIN,WR,0.0,,0.0,4.5,42.8,0.3,0.0,5.9,0.0,0.0,,0.0,0.0
207,Trenton Irwin,CIN,WR,0.0,,0.0,3.5,39.8,0.3,0.0,5.8,0.0,0.0,,0.0,0.0
208,Lil'Jordan Humphrey,NE,WR,0.0,,0.0,3.4,42.6,0.3,0.0,5.8,0.0,0.0,,0.0,0.0
209,Jalen Nailor,MIN,WR,0.0,,0.0,3.4,39.9,0.3,0.0,5.8,0.0,0.0,,0.0,0.0
210,Shi Smith,CAR,WR,0.0,,0.0,3.3,40.7,0.2,0.0,5.4,0.0,0.0,,0.0,0.0
211,Devin Funchess,DET,WR,0.0,,0.0,3.0,39.0,0.2,0.0,5.3,0.0,0.0,,0.0,0.0
212,Dennis Houston,DAL,WR,0.0,,0.0,5.0,52.0,0.0,0.0,5.2,0.0,0.0,,0.0,0.0
213,Dante Pettis,CHI,WR,0.0,,0.0,2.9,40.9,0.2,0.0,5.2,0.0,0.0,,0.0,0.0
214,Steven Sims Jr.,PIT,WR,0.0,,0.0,3.7,38.5,0.2,0.0,5.1,0.0,0.0,,0.0,0.0
215,Denzel Mims,NYJ,WR,0.0,,0.0,3.0,37.9,0.2,0.0,5.0,0.0,0.0,,0.0,0.0
216,Keelan Doss,NYG,WR,0.0,,0.0,3.6,39.8,0.2,0.0,5.0,0.0,0.0,,0.0,0.0
217,Collin Johnson,NYG,WR,0.0,,0.0,3.5,39.6,0.2,0.0,5.0,0.0,0.0,,0.0,0.0
218,David Sills V,NYG,WR,0.0,,0.0,3.5,38.9,0.2,0.0,4.9,0.0,0.0,,0.0,0.0
219,Isaiah Coulter,CHI,WR,0.0,,0.0,3.0,38.9,0.2,0.0,4.9,0.0,0.0,,0.0,0.0
220,Jason Moore Jr.,LAC,WR,0.0,,0.0,2.8,34.2,0.3,0.0,4.9,0.0,0.0,,0.0,0.0
221,Trinity Benson,DET,WR,0.0,,0.0,3.0,36.8,0.2,0.0,4.7,0.0,0.0,,0.0,0.0
222,Scotty Miller,TB,WR,0.0,,0.0,2.5,33.0,0.2,0.0,4.6,0.0,0.0,,0.0,0.0
223,Geronimo Allison,ATL,WR,0.0,,0.0,3.1,35.3,0.2,0.0,4.6,0.0,0.0,,0.0,0.0
224,Cameron Batson,ATL,WR,0.0,,0.0,3.2,35.2,0.2,0.0,4.5,0.0,0.0,,0.0,0.0
225,Cody Thompson,SEA,WR,0.0,,0.0,3.2,34.9,0.2,0.0,4.5,0.0,0.0,,0.0,0.0
226,Andy Isabella,ARI,WR,0.0,,0.0,2.0,34.2,0.2,0.0,4.5,0.0,0.0,,0.0,0.0
227,Easop Winston Jr.,CLE,WR,0.0,,0.0,1.6,36.3,0.1,0.0,4.5,0.0,0.0,,0.0,0.0
228,Brandon Powell,LAR,WR,0.0,,0.0,1.7,29.1,0.2,0.0,3.8,0.0,0.0,,0.0,0.0
229,Dax Milne,WAS,WR,0.0,,0.0,2.3,27.9,0.2,0.0,3.8,0.0,0.0,,0.0,0.0
230,Bo Melton,SEA,WR,0.0,,0.0,2.8,32.3,0.1,0.0,3.5,0.0,0.0,,0.0,0.0
231,Joe Reed,LAC,WR,0.0,,0.0,1.4,28.4,0.1,0.0,3.5,0.0,0.0,,0.0,0.0
232,Daurice Fountain,KC,WR,0.0,,0.0,1.4,22.6,0.1,0.0,3.0,0.0,0.0,,0.0,0.0
233,Josh Gordon,KC,WR,0.0,,0.0,1.3,19.7,0.1,0.0,2.8,0.0,0.0,,0.0,0.0
234,Tre Nixon,NE,WR,0.0,,0.0,1.7,19.2,0.1,0.0,2.7,0.0,0.0,,0.0,0.0
235,Frank Darby,ATL,WR,0.0,,0.0,1.6,18.0,0.1,0.0,2.3,0.0,0.0,,0.0,0.0
236,J.J. Arcega-Whiteside,SEA,WR,0.0,,0.0,1.5,17.0,0.1,0.0,2.2,0.0,0.0,,0.0,0.0
237,Justin Watson,KC,WR,0.0,,0.0,0.9,10.3,0.1,0.0,1.6,0.0,0.0,,0.0,0.0
238,Gunner Olszewski,PIT,WR,0.0,,0.0,0.8,9.3,0.0,0.0,1.1,0.0,0.0,,0.0,0.0
239,Alex Erickson,WAS,WR,0.0,,0.0,0.2,4.1,0.0,0.0,0.5,0.0,0.0,,0.0,0.0
240,Slade Bolden,BAL,WR,0.0,,0.0,0.0,0.0,0.0,0.0,0.0,0.0,0.0,,0.0,0.0
241,John Hightower,PHI,WR,0.0,,0.0,0.0,0.0,0.0,0.0,0.0,0.0,0.0,,0.0,0.0
242,Isaiah Zuber,LV,WR,0.0,,0.0,0.0,0.0,0.0,0.0,0.0,0.0,0.0,,0.0,0.0
243,River Cracraft,MIA,WR,0.0,,0.0,0.0,0.0,0.0,0.0,0.0,0.0,0.0,,0.0,0.0
244,Deon Cain,PHI,WR,0.0,,0.0,0.0,0.0,0.0,0.0,0.0,0.0,0.0,,0.0,0.0
245,Willie Snead IV,SF,WR,0.0,,0.0,0.0,0.0,0.0,0.0,0.0,0.0,0.0,,0.0,0.0
246,Rico Gafford,GB,WR,0.0,,0.0,0.0,0.0,0.0,0.0,0.0,0.0,0.0,,0.0,0.0
247,Kevin White,NO,WR,0.0,,0.0,0.0,0.0,0.0,0.0,0.0,0.0,0.0,,0.0,0.0
248,Austin Mack,SF,WR,0.0,,0.0,0.0,0.0,0.0,0.0,0.0,0.0,0.0,,0.0,0.0
249,Dan Chisena,MIN,WR,0.0,,0.0,0.0,0.0,0.0,0.0,0.0,0.0,0.0,,0.0,0.0
250,Lawrence Cager,NYJ,WR,0.0,,0.0,0.0,0.0,0.0,0.0,0.0,0.0,0.0,,0.0,0.0
251,Corey Coleman,KC,WR,0.0,,0.0,0.0,0.0,0.0,0.0,0.0,0.0,0.0,,0.0,0.0
252,Tanner Gentry,BUF,WR,0.0,,0.0,0.0,0.0,0.0,0.0,0.0,0.0,0.0,,0.0,0.0
253,Robert Foster,NYG,WR,0.0,,0.0,0.0,0.0,0.0,0.0,0.0,0.0,0.0,,0.0,0.0
254,Kelvin Harmon,WAS,WR,0.0,,0.0,0.0,0.0,0.0,0.0,0.0,0.0,0.0,,0.0,0.0
255,Tavon Austin,BUF,WR,0.0,,0.0,0.0,0.0,0.0,0.0,0.0,0.0,0.0,,0.0,0.0
256,Tom Kennedy,DET,WR,0.0,,0.0,0.0,0.0,0.0,0.0,0.0,0.0,0.0,,0.0,0.0
257,Vyncint Smith,TB,WR,0.0,,0.0,0.0,0.0,0.0,0.0,0.0,0.0,0.0,,0.0,0.0
258,0,0,WR,0.0,,0.0,0.0,,0.0,0.0,0.0,0.0,0.0,,0.0,0.0
259,0,0,WR,0.0,,0.0,0.0,,0.0,0.0,0.0,0.0,0.0,,0.0,0.0
1,Josh Allen,BUF,QB,116.4,,6.9,0.0,,0.0,3.5,401.4,607.8,390.3,4408.2,34.6,13.9
2,Patrick Mahomes II,KC,QB,66.5,,2.8,0.0,,0.0,2.8,372.8,634.4,418.2,4844.0,35.9,11.6
3,Justin Herbert,LAC,QB,65.1,,3.2,0.0,,0.0,1.4,356.0,625.6,415.5,4684.3,33.9,13.3
4,Lamar Jackson,BAL,QB,158.6,,4.9,0.0,,0.0,3.5,352.5,520.6,336.5,3733.5,24.5,13.2
5,Kyler Murray,ARI,QB,107.3,,5.5,0.0,,0.0,2.3,351.1,571.6,384.7,4263.1,27.3,12.3
6,Jalen Hurts,PHI,QB,144.8,,7.9,0.0,,0.0,2.9,349.6,495.2,307.2,3645.2,24.4,12.8
7,Tom Brady,TB,QB,27.9,,1.7,0.0,,0.0,2.4,337.7,652.7,433.9,4846.1,36.5,11.9
8,Dak Prescott,DAL,QB,55.3,,2.9,0.0,,0.0,4.1,336.8,594.1,400.2,4571.5,33.4,11.7
9,Joe Burrow,CIN,QB,46.5,,2.2,0.0,,0.0,1.8,323.9,571.2,387.2,4581.3,31.3,12.8
10,Matthew Stafford,LAR,QB,33.3,,1.2,0.0,,0.0,2.4,316.0,587.1,392.4,4588.4,33.6,14.1
11,Trey Lance,SF,QB,117.8,,5.0,0.0,,0.0,1.9,315.7,479.9,302.4,3635.7,23.9,13.0
12,Aaron Rodgers,GB,QB,38.7,,1.8,0.0,,0.0,1.6,315.4,556.7,375.4,4267.7,32.6,7.1
13,Russell Wilson,DEN,QB,62.7,,2.1,0.0,,0.0,2.3,306.7,540.4,356.2,4109.7,29.0,9.6
14,Kirk Cousins,MIN,QB,29.2,,1.1,0.0,,0.0,2.9,298.6,574.1,379.2,4348.3,31.2,11.4
15,Derek Carr,LV,QB,38.5,,1.2,0.0,,0.0,3.6,295.5,597.0,399.8,4498.4,28.8,12.7
16,Tua Tagovailoa,MIA,QB,54.3,,2.8,0.0,,0.0,2.4,281.0,568.0,374.9,3992.5,25.5,13.2
17,Ryan Tannehill,TEN,QB,55.0,,3.9,0.0,,0.0,2.6,277.4,516.5,340.6,3754.4,24.2,13.0
18,Trevor Lawrence,JAC,QB,71.0,,2.4,0.0,,0.0,3.0,275.1,585.1,370.1,3939.6,22.5,13.9
19,Justin Fields,CHI,QB,107.3,,3.7,0.0,,0.0,5.0,270.1,505.0,312.0,3468.5,18.6,14.5
20,Daniel Jones,NYG,QB,82.2,,2.7,0.0,,0.0,5.1,266.0,543.4,341.3,3661.6,20.8,12.5
21,Matt Ryan,IND,QB,34.5,,1.4,0.0,,0.0,3.6,261.1,536.5,351.0,3920.1,25.7,11.4
22,Mac Jones,NE,QB,41.8,,0.9,0.0,,0.0,2.8,260.0,543.3,358.7,3954.7,25.1,13.9
23,Jameis Winston,NO,QB,53.8,,1.7,0.0,,0.0,2.8,258.1,487.1,305.4,3507.1,24.6,12.6
24,Carson Wentz,WAS,QB,57.4,,1.8,0.0,,0.0,3.9,253.0,538.0,343.0,3693.0,22.4,11.6
25,Zach Wilson,NYJ,QB,43.5,,2.5,0.0,,0.0,1.8,251.4,547.4,332.6,3611.0,21.6,13.9
26,Jared Goff,DET,QB,31.7,,1.0,0.0,,0.0,3.8,248.0,565.4,371.3,3904.6,24.4,12.5
27,Davis Mills,HOU,QB,34.2,,0.8,0.0,,0.0,1.9,231.7,538.1,351.3,3787.4,20.5,14.1
28,Baker Mayfield,CAR,QB,42.5,,1.4,0.0,,0.0,2.4,225.6,511.1,320.4,3497.6,19.8,13.2
29,Marcus Mariota,ATL,QB,54.6,,2.4,0.0,,0.0,1.2,212.7,420.2,263.8,2900.5,15.7,11.3
30,Mitch Trubisky,PIT,QB,43.4,,1.8,0.0,,0.0,1.3,195.4,436.4,278.1,2773.0,16.5,10.7
31,Deshaun Watson,CLE,QB,41.2,,2.3,0.0,,0.0,1.5,159.7,225.2,150.2,1938.2,13.1,5.5
32,Drew Lock,SEA,QB,30.7,,1.4,0.0,,0.0,1.9,155.3,340.9,211.1,2338.5,13.3,9.5
33,Jacoby Brissett,CLE,QB,25.8,,1.2,0.0,,0.0,2.0,129.1,302.8,189.2,1951.3,11.2,6.9
34,Geno Smith,SEA,QB,15.8,,0.6,0.0,,0.0,1.3,92.5,193.0,122.0,1441.0,8.1,5.7
35,Desmond Ridder,ATL,QB,22.7,,0.8,0.0,,0.0,1.1,81.1,172.0,105.5,1188.8,6.4,4.7
36,Kenny Pickett,PIT,QB,17.7,,0.5,0.0,,0.0,1.2,78.1,183.2,112.4,1227.0,6.9,5.1
37,Sam Darnold,CAR,QB,3.9,,0.4,0.0,,0.0,0.3,36.3,68.4,41.4,546.6,3.1,2.6
38,Andy Dalton,NO,QB,3.9,,0.1,0.0,,0.0,0.2,27.6,57.8,36.4,409.2,2.9,1.7
39,Mason Rudolph,PIT,QB,1.3,,0.0,0.0,,0.0,0.0,20.4,46.3,28.3,322.7,2.0,1.0
40,Tyrod Taylor,NYG,QB,4.7,,0.1,0.0,,0.0,0.3,19.8,42.0,25.5,283.1,1.7,0.9
41,Taysom Hill,NO,QB,21.7,,1.0,0.0,,0.0,0.0,19.8,11.0,7.2,77.8,0.3,0.3
42,Tyler Huntley,BAL,QB,6.4,,0.2,0.0,,0.0,0.2,18.7,31.1,20.3,237.0,1.6,1.3
43,Joe Flacco,NYJ,QB,1.6,,0.0,0.0,,0.0,0.8,16.9,41.6,25.6,290.0,1.8,1.1
44,Jimmy Garoppolo,SF,QB,1.3,,0.0,0.0,,0.0,0.0,16.7,32.3,20.8,271.5,1.6,1.1
45,Teddy Bridgewater,MIA,QB,2.7,,0.1,0.0,,0.0,0.2,15.5,35.7,23.4,241.9,1.4,0.7
46,Trevor Siemian,CHI,QB,2.5,,0.0,0.0,,0.0,0.1,15.4,33.9,20.2,268.2,1.2,1.1
47,Gardner Minshew II,PHI,QB,4.3,,0.1,0.0,,0.0,0.2,14.8,30.0,19.2,207.2,1.4,0.7
48,Jordan Love,GB,QB,2.4,,0.1,0.0,,0.0,0.1,12.5,23.1,13.8,189.0,1.2,0.9
49,Taylor Heinicke,WAS,QB,2.6,,0.0,0.0,,0.0,0.1,12.5,23.9,15.1,173.3,1.3,0.8
50,Cooper Rush,DAL,QB,2.1,,0.1,0.0,,0.0,0.1,11.9,26.5,16.6,187.7,1.1,0.5
51,Colt McCoy,ARI,QB,2.8,,0.0,0.0,,0.0,0.2,11.5,26.6,17.2,186.9,1.0,0.6
52,Matt Corral,CAR,QB,2.0,,0.1,0.0,,0.0,0.1,11.2,27.2,16.6,175.6,1.0,0.5
53,Kyle Allen,HOU,QB,1.6,,0.1,0.0,,0.0,0.8,10.5,27.2,17.2,187.3,1.1,0.7
54,Brian Hoyer,NE,QB,1.6,,0.1,0.0,,0.0,0.1,10.4,21.4,13.4,169.8,1.0,0.8
55,Blaine Gabbert,TB,QB,1.1,,0.1,0.0,,0.0,0.2,10.4,19.2,12.0,160.2,1.0,0.5
56,Josh Johnson,DEN,QB,2.8,,0.1,0.0,,0.0,0.2,10.3,19.4,12.7,141.7,0.9,0.3
57,Malik Willis,TEN,QB,2.0,,0.1,0.0,,0.0,0.1,9.8,22.3,13.8,151.7,0.9,0.9
58,C.J. Beathard,JAC,QB,1.5,,0.0,0.0,,0.0,0.7,9.8,23.6,14.7,162.5,1.1,0.6
59,Kyle Trask,TB,QB,1.0,,0.0,0.0,,0.0,0.0,9.7,22.0,13.0,136.0,1.0,0.0
60,Case Keenum,BUF,QB,1.2,,0.1,0.0,,0.0,0.1,9.7,19.3,12.2,146.6,1.0,0.5
61,Jarrett Stidham,LV,QB,2.1,,0.0,0.0,,0.0,0.1,9.5,20.7,13.6,147.0,0.9,0.7
62,Sean Mannion,MIN,QB,1.6,,0.0,0.0,,0.0,0.2,9.1,19.0,11.3,127.8,1.0,0.4
63,John Wolford,LAR,QB,2.0,,0.0,0.0,,0.0,0.1,9.0,19.2,11.9,134.6,0.8,0.4
64,Tim Boyle,DET,QB,1.4,,0.0,0.0,,0.0,0.1,8.6,21.1,13.0,138.3,0.8,0.6
65,Nick Foles,IND,QB,1.6,,0.0,0.0,,0.0,0.1,8.6,17.1,11.0,120.3,0.9,0.5
66,Brandon Allen,CIN,QB,1.4,,0.0,0.0,,0.0,0.1,8.5,17.4,11.0,137.1,0.7,0.5
67,Brett Rypien,DEN,QB,1.0,,0.0,0.0,,0.0,0.0,8.2,15.3,9.3,107.3,1.0,0.3
68,Sam Howell,WAS,QB,2.0,,0.1,0.0,,0.0,0.1,8.1,16.4,10.0,109.2,0.8,0.5
69,Chase Daniel,LAC,QB,1.5,,0.0,0.0,,0.0,0.2,8.1,18.5,11.4,125.6,0.8,0.4
70,Chad Henne,KC,QB,1.8,,0.0,0.0,,0.0,0.2,7.6,15.9,10.1,112.9,0.9,0.6
71,Nate Sudfeld,SF,QB,1.8,,0.1,0.0,,0.0,0.3,7.4,14.5,9.1,100.1,0.8,0.5
72,Joshua Dobbs,CLE,QB,2.7,,0.0,0.0,,0.0,0.0,6.2,11.6,8.0,66.8,0.6,0.1
73,Nick Mullens,LV,QB,1.0,,0.0,0.0,,0.0,1.0,5.5,16.3,10.5,121.5,0.8,0.5
74,Mike White,NYJ,QB,2.0,,0.0,0.0,,0.0,0.0,4.6,11.0,6.5,73.0,0.5,0.5
75,Kellen Mond,MIN,QB,0.5,,0.0,0.0,,0.0,0.0,4.3,10.0,5.5,53.0,0.5,0.0
76,John Lovett,MIA,QB,0.0,,0.1,0.0,,0.0,0.0,4.3,0.0,0.0,0.0,0.0,0.0
77,Nathan Peterman,CHI,QB,2.0,,0.0,0.0,,0.0,0.0,4.2,7.5,4.0,45.0,0.5,0.5
78,Sam Ehlinger,IND,QB,0.0,,0.0,0.0,,0.0,0.0,0.0,0.0,0.0,0.0,0.0,0.0
79,Feleipe Franks,ATL,QB,0.0,,0.0,0.0,,0.0,0.0,0.0,0.0,0.0,0.0,0.0,0.0
80,Logan Woodside,TEN,QB,0.0,,0.0,0.0,,0.0,0.0,0.0,0.0,0.0,0.0,0.0,0.0
81,Ian Book,NO,QB,0.0,,0.0,0.0,,0.0,0.0,0.0,0.0,0.0,0.0,0.0,0.0
82,Will Grier,DAL,QB,0.0,,0.0,0.0,,0.0,0.0,0.0,0.0,0.0,0.0,0.0,0.0
83,Matt Barkley,BUF,QB,0.0,,0.0,0.0,,0.0,0.0,0.0,0.0,0.0,0.0,0.0,0.0
84,Easton Stick,LAC,QB,0.0,,0.0,0.0,,0.0,0.0,0.0,0.0,0.0,0.0,0.0,0.0
85,Ryan Griffin,TB,QB,0.0,,0.0,0.0,,0.0,0.0,0.0,0.0,0.0,0.0,0.0,0.0
86,David Blough,DET,QB,0.0,,0.0,0.0,,0.0,0.0,0.0,0.0,0.0,0.0,0.0,0.0
87,Jeff Driskel,HOU,QB,0.0,,0.0,0.0,,0.0,0.0,0.0,0.0,0.0,0.0,0.0,0.0
88,Jacob Eason,SEA,QB,0.0,,0.0,0.0,,0.0,0.0,0.0,0.0,0.0,0.0,0.0,0.0
89,Davis Webb,NYG,QB,0.0,,0.0,0.0,,0.0,0.0,0.0,0.0,0.0,0.0,0.0,0.0
90,Chris Streveler,NYJ,QB,0.0,,0.0,0.0,,0.0,0.0,0.0,0.0,0.0,0.0,0.0,0.0
91,PJ Walker,CAR,QB,0.0,,0.0,0.0,,0.0,0.0,0.0,0.0,0.0,0.0,0.0,0.0
92,0,0,QB,0.0,,0.0,0.0,,0.0,0.0,0.0,0.0,0.0,,0.0,0.0
93,0,0,QB,0.0,,0.0,0.0,,0.0,0.0,0.0,0.0,0.0,,0.0,0.0
1,Travis Kelce,KC,TE,0.0,,0.0,101.4,1205.2,9.4,0.5,175.6,0.0,0.0,,0.0,0.0
2,Mark Andrews,BAL,TE,0.0,,0.0,96.1,1196.8,9.0,0.5,172.4,0.0,0.0,,0.0,0.0
3,Kyle Pitts,ATL,TE,0.0,,0.0,73.1,997.9,4.7,0.5,126.7,0.0,0.0,,0.0,0.0
4,Darren Waller,LV,TE,0.0,,0.0,77.5,928.8,5.0,0.5,122.2,0.0,0.0,,0.0,0.0
5,George Kittle,SF,TE,0.0,,0.0,72.6,887.5,5.4,0.5,120.3,0.0,0.0,,0.0,0.0
6,Dalton Schultz,DAL,TE,0.0,,0.0,77.5,805.3,6.2,0.4,116.6,0.0,0.0,,0.0,0.0
7,Dallas Goedert,PHI,TE,0.0,,0.0,63.6,795.3,5.0,0.5,108.8,0.0,0.0,,0.0,0.0
8,T.J. Hockenson,DET,TE,0.0,,0.0,67.6,693.5,5.1,0.4,99.3,0.0,0.0,,0.0,0.0
9,Hunter Henry,NE,TE,0.0,,0.0,53.8,618.1,6.0,0.1,97.9,0.0,0.0,,0.0,0.0
10,Dawson Knox,BUF,TE,0.0,,0.0,49.1,593.3,6.1,0.1,96.0,0.0,0.0,,0.0,0.0
11,Zach Ertz,ARI,TE,0.0,,0.0,64.7,662.9,4.8,0.4,94.1,0.0,0.0,,0.0,0.0
12,Mike Gesicki,MIA,TE,0.0,,0.0,61.5,671.2,4.1,0.4,90.6,0.0,0.0,,0.0,0.0
13,Noah Fant,SEA,TE,0.0,,0.0,60.7,653.6,3.8,0.4,87.5,0.0,0.0,,0.0,0.0
14,Tyler Higbee,LAR,TE,0.0,,0.0,59.1,595.4,4.7,0.4,86.7,0.0,0.0,,0.0,0.0
15,Pat Freiermuth,PIT,TE,0.0,,0.0,63.1,583.2,4.8,0.5,86.0,0.0,0.0,,0.0,0.0
16,David Njoku,CLE,TE,0.0,,0.0,52.8,592.3,4.4,0.4,84.8,0.0,0.0,,0.0,0.0
17,Cole Kmet,CHI,TE,0.0,,0.0,60.8,632.8,3.7,0.5,84.8,0.0,0.0,,0.0,0.0
18,Irv Smith Jr.,MIN,TE,0.0,,0.0,50.4,557.0,4.5,0.1,82.5,0.0,0.0,,0.0,0.0
19,Gerald Everett,LAC,TE,0.0,,0.0,55.0,567.0,4.5,0.9,82.3,0.0,0.0,,0.0,0.0
20,Robert Tonyan,GB,TE,0.0,,0.0,45.7,520.6,4.5,0.1,78.9,0.0,0.0,,0.0,0.0
21,Logan Thomas,WAS,TE,0.0,,0.0,48.9,511.1,4.5,0.4,77.3,0.0,0.0,,0.0,0.0
22,Albert Okwuegbunam,DEN,TE,0.0,,0.0,49.1,506.0,4.6,0.8,76.9,0.0,0.0,,0.0,0.0
23,Evan Engram,JAC,TE,0.0,,0.0,52.7,542.0,3.5,0.4,74.6,0.0,0.0,,0.0,0.0
24,Austin Hooper,TEN,TE,0.0,,0.0,50.9,497.4,4.1,0.4,73.2,0.0,0.0,,0.0,0.0
25,Hayden Hurst,CIN,TE,0.0,,0.0,42.0,441.5,4.0,0.5,67.1,0.0,0.0,,0.0,0.0
26,Mo Alie-Cox,IND,TE,0.0,,0.0,34.8,420.8,3.2,0.1,61.2,0.0,0.0,,0.0,0.0
27,Brevin Jordan,HOU,TE,0.0,,0.0,40.9,415.0,2.9,0.1,58.6,0.0,0.0,,0.0,0.0
28,Adam Trautman,NO,TE,0.0,,0.0,36.1,375.2,2.8,0.4,53.8,0.0,0.0,,0.0,0.0
29,Kyle Rudolph,TB,TE,0.0,,0.0,33.9,339.0,3.3,0.1,53.7,0.0,0.0,,0.0,0.0
30,C.J. Uzomah,NYJ,TE,0.0,,0.0,36.9,365.2,2.6,0.0,52.3,0.0,0.0,,0.0,0.0
31,Cameron Brate,TB,TE,0.0,,0.0,34.3,317.4,3.1,0.1,50.2,0.0,0.0,,0.0,0.0
32,Andrew Beck,DEN,TE,0.0,,0.0,27.9,295.3,2.9,0.0,46.6,0.0,0.0,,0.0,0.0
33,Jonnu Smith,NE,TE,0.0,,0.0,29.3,312.8,2.4,0.1,45.3,0.0,0.0,,0.0,0.0
34,Harrison Bryant,CLE,TE,0.0,,0.0,28.6,301.6,2.4,0.4,44.1,0.0,0.0,,0.0,0.0
35,Dan Arnold,JAC,TE,0.0,,0.0,27.9,328.8,1.9,0.5,43.6,0.0,0.0,,0.0,0.0
36,Paul Quessenberry,HOU,TE,0.0,,0.0,37.0,334.0,2.0,1.0,43.4,0.0,0.0,,0.0,0.0
37,Tyler Conklin,NYJ,TE,0.0,,0.0,32.5,313.9,2.0,0.1,43.0,0.0,0.0,,0.0,0.0
38,Foster Moreau,LV,TE,0.0,,0.0,24.4,273.3,2.3,0.0,41.2,0.0,0.0,,0.0,0.0
39,Tommy Tremble,CAR,TE,0.0,,0.0,27.6,281.9,2.2,0.1,41.0,0.0,0.0,,0.0,0.0
40,O.J. Howard,BUF,TE,0.0,,0.0,22.8,258.3,2.0,0.1,37.5,0.0,0.0,,0.0,0.0
41,Geoff Swaim,TEN,TE,0.0,,0.0,26.6,236.8,2.3,0.0,37.5,0.0,0.0,,0.0,0.0
42,Jelani Woods,IND,TE,0.0,,0.0,21.6,229.1,2.0,0.5,34.1,0.0,0.0,,0.0,0.0
43,Donald Parham Jr.,LAC,TE,0.0,,0.0,20.5,214.2,2.1,0.0,34.0,0.0,0.0,,0.0,0.0
44,Daniel Bellinger,NYG,TE,0.0,,0.0,23.6,249.2,1.6,0.2,34.0,0.0,0.0,,0.0,0.0
45,James O'Shaughnessy,CHI,TE,0.0,,0.0,23.2,253.8,1.3,0.0,32.8,0.0,0.0,,0.0,0.0
46,Ricky Seals-Jones,NYG,TE,0.0,,0.0,23.1,223.2,1.7,0.0,32.3,0.0,0.0,,0.0,0.0
47,Taysom Hill,NO,TE,0.0,,0.0,17.3,189.0,2.3,1.0,30.9,0.0,0.0,,0.0,0.0
48,Cade Otton,TB,TE,0.0,,0.0,19.7,206.3,1.7,0.5,30.0,0.0,0.0,,0.0,0.0
49,Trey McBride,ARI,TE,0.0,,0.0,19.9,207.7,1.7,0.5,29.9,0.0,0.0,,0.0,0.0
50,Pharaoh Brown,HOU,TE,0.0,,0.0,24.3,230.6,1.2,0.4,29.7,0.0,0.0,,0.0,0.0
51,Anthony Firkser,ATL,TE,0.0,,0.0,22.3,221.0,1.3,0.4,29.1,0.0,0.0,,0.0,0.0
52,Durham Smythe,MIA,TE,0.0,,0.0,21.9,219.4,1.2,0.0,29.0,0.0,0.0,,0.0,0.0
53,Greg Dulcich,DEN,TE,0.0,,0.0,18.6,201.6,1.5,0.1,28.9,0.0,0.0,,0.0,0.0
54,Josiah Deguara,GB,TE,0.0,,0.0,18.5,195.1,1.5,0.0,28.6,0.0,0.0,,0.0,0.0
55,Kylen Granson,IND,TE,0.0,,0.0,18.4,206.2,1.4,0.1,28.6,0.0,0.0,,0.0,0.0
56,John Bates,WAS,TE,0.0,,0.0,17.6,196.3,1.3,0.1,27.4,0.0,0.0,,0.0,0.0
57,Jordan Akins,NYG,TE,0.0,,0.0,20.3,199.5,1.2,0.4,26.2,0.0,0.0,,0.0,0.0
58,Ian Thomas,CAR,TE,0.0,,0.0,18.6,182.7,1.0,0.1,24.2,0.0,0.0,,0.0,0.0
59,Charlie Kolar,BAL,TE,0.0,,0.0,13.9,160.9,1.3,0.0,24.0,0.0,0.0,,0.0,0.0
60,Marcedes Lewis,GB,TE,0.0,,0.0,16.5,169.2,1.2,0.4,23.5,0.0,0.0,,0.0,0.0
61,Kendall Blanton,LAR,TE,0.0,,0.0,15.3,161.1,1.4,0.5,23.5,0.0,0.0,,0.0,0.0
62,Will Dissly,SEA,TE,0.0,,0.0,17.0,176.6,0.9,0.1,23.1,0.0,0.0,,0.0,0.0
63,Nick Boyle,BAL,TE,0.0,,0.0,15.0,140.9,1.4,0.0,22.4,0.0,0.0,,0.0,0.0
64,Zach Davidson,MIN,TE,0.0,,0.0,14.0,148.0,1.0,0.0,20.8,0.0,0.0,,0.0,0.0
65,Maxx Williams,ARI,TE,0.0,,0.0,14.3,153.7,0.7,0.0,19.7,0.0,0.0,,0.0,0.0
66,Matt Bushman,KC,TE,0.0,,0.0,14.0,136.0,1.0,0.0,19.6,0.0,0.0,,0.0,0.0
67,Ryan Griffin,CHI,TE,0.0,,0.0,13.3,132.2,1.0,0.0,19.5,0.0,0.0,,0.0,0.0
68,Jacob Harris,LAR,TE,0.0,,0.0,12.0,132.0,1.0,0.0,19.2,0.0,0.0,,0.0,0.0
69,Jake Ferguson,DAL,TE,0.0,,0.0,13.1,136.3,0.9,0.0,18.8,0.0,0.0,,0.0,0.0
70,Nick Eubanks,CIN,TE,0.0,,0.0,12.0,125.0,1.0,0.0,18.5,0.0,0.0,,0.0,0.0
71,Alize Mack,GB,TE,0.0,,0.0,12.0,122.0,1.0,0.0,18.2,0.0,0.0,,0.0,0.0
72,Shaun Beyer,MIN,TE,0.0,,0.0,12.0,122.0,1.0,0.0,18.2,0.0,0.0,,0.0,0.0
73,Tyler Kroft,SF,TE,0.0,,0.0,11.6,126.7,0.9,0.0,17.9,0.0,0.0,,0.0,0.0
74,Drew Sample,CIN,TE,0.0,,0.0,11.6,113.2,0.9,0.0,16.6,0.0,0.0,,0.0,0.0
75,Kenny Yeboah,NYJ,TE,0.0,,0.0,10.5,112.2,0.9,0.0,16.6,0.0,0.0,,0.0,0.0
76,Zach Gentry,PIT,TE,0.0,,0.0,12.0,112.2,0.9,0.0,16.4,0.0,0.0,,0.0,0.0
77,Noah Gray,KC,TE,0.0,,0.0,11.1,106.0,1.0,0.0,16.4,0.0,0.0,,0.0,0.0
78,Brock Wright,DET,TE,0.0,,0.0,10.7,102.4,1.0,0.0,16.3,0.0,0.0,,0.0,0.0
79,Connor Heyward,PIT,TE,0.0,,0.0,11.6,116.5,0.7,0.1,15.7,0.0,0.0,,0.0,0.0
80,Blake Bell,KC,TE,0.0,,0.0,9.8,92.4,0.8,0.0,14.2,0.0,0.0,,0.0,0.0
81,Josh Oliver,BAL,TE,0.0,,0.0,9.2,90.5,0.8,0.0,14.0,0.0,0.0,,0.0,0.0
82,Luke Farrell,JAC,TE,0.0,,0.0,9.8,90.5,0.8,0.0,13.7,0.0,0.0,,0.0,0.0
83,Ko Kieft,TB,TE,0.0,,0.0,9.2,91.8,0.7,0.0,13.4,0.0,0.0,,0.0,0.0
84,Nick Vannett,NO,TE,0.0,,0.0,7.8,86.1,0.8,0.0,13.1,0.0,0.0,,0.0,0.0
85,Stephen Anderson,ARI,TE,0.0,,0.0,8.1,84.1,0.7,0.0,12.4,0.0,0.0,,0.0,0.0
86,Jody Fortson,KC,TE,0.0,,0.0,7.0,76.5,0.7,0.0,12.1,0.0,0.0,,0.0,0.0
87,Chris Manhertz,JAC,TE,0.0,,0.0,6.5,69.5,0.9,0.0,12.0,0.0,0.0,,0.0,0.0
88,Jeremy Sprinkle,DAL,TE,0.0,,0.0,8.1,78.9,0.7,0.0,11.9,0.0,0.0,,0.0,0.0
89,Brycen Hopkins,LAR,TE,0.0,,0.0,7.4,79.4,0.7,0.0,11.9,0.0,0.0,,0.0,0.0
90,Ross Dwelley,SF,TE,0.0,,0.0,8.7,79.0,0.7,0.0,11.8,0.0,0.0,,0.0,0.0
91,Adam Shaheen,MIA,TE,0.0,,0.0,8.4,84.7,0.5,0.0,11.7,0.0,0.0,,0.0,0.0
92,Tre' McKitty,LAC,TE,0.0,,0.0,8.4,80.6,0.5,0.0,11.2,0.0,0.0,,0.0,0.0
93,Johnny Mundt,MIN,TE,0.0,,0.0,6.9,70.5,0.7,0.0,11.0,0.0,0.0,,0.0,0.0
94,Richard Rodgers,PHI,TE,0.0,,0.0,7.0,70.9,0.7,0.0,11.0,0.0,0.0,,0.0,0.0
95,Kevin Rader,PIT,TE,0.0,,0.0,8.6,69.3,0.7,0.0,10.9,0.0,0.0,,0.0,0.0
96,Isaiah Likely,BAL,TE,0.0,,0.0,6.8,70.8,0.7,0.0,10.9,0.0,0.0,,0.0,0.0
97,Sean McKeon,DAL,TE,0.0,,0.0,7.1,71.8,0.6,0.1,10.9,0.0,0.0,,0.0,0.0
98,Jesper Horsted,LV,TE,0.0,,0.0,6.9,74.2,0.5,0.0,10.7,0.0,0.0,,0.0,0.0
99,Grant Calcaterra,PHI,TE,0.0,,0.0,6.6,66.6,0.7,0.0,10.6,0.0,0.0,,0.0,0.0
100,Nick Muse,MIN,TE,0.0,,0.0,6.9,70.6,0.6,0.0,10.6,0.0,0.0,,0.0,0.0
101,Tyree Jackson,PHI,TE,0.0,,0.0,6.5,64.8,0.7,0.1,10.3,0.0,0.0,,0.0,0.0
102,Juwan Johnson,NO,TE,0.0,,0.0,4.7,52.5,0.8,0.0,10.3,0.0,0.0,,0.0,0.0
103,James Mitchell,DET,TE,0.0,,0.0,6.9,62.2,0.6,0.0,9.7,0.0,0.0,,0.0,0.0
104,Andrew Ogletree,IND,TE,0.0,,0.0,5.9,60.4,0.6,0.0,9.5,0.0,0.0,,0.0,0.0
105,Devin Asiasi,NE,TE,0.0,,0.0,5.2,64.6,0.5,0.0,9.4,0.0,0.0,,0.0,0.0
106,Cole Turner,WAS,TE,0.0,,0.0,6.1,63.8,0.5,0.0,9.4,0.0,0.0,,0.0,0.0
107,Eric Tomlinson,DEN,TE,0.0,,0.0,5.9,60.0,0.6,0.0,9.3,0.0,0.0,,0.0,0.0
108,John FitzPatrick,ATL,TE,0.0,,0.0,6.4,59.2,0.6,0.0,9.2,0.0,0.0,,0.0,0.0
109,Ben Ellefson,MIN,TE,0.0,,0.0,5.2,54.7,0.6,0.0,9.1,0.0,0.0,,0.0,0.0
110,MyCole Pruitt,ATL,TE,0.0,,0.0,6.3,61.1,0.5,0.0,8.9,0.0,0.0,,0.0,0.0
111,Tommy Hudson,TEN,TE,0.0,,0.0,5.4,53.5,0.5,0.0,8.3,0.0,0.0,,0.0,0.0
112,Chigoziem Okonkwo,TEN,TE,0.0,,0.0,5.3,55.7,0.5,0.0,8.2,0.0,0.0,,0.0,0.0
113,Hunter Long,MIA,TE,0.0,,0.0,5.3,50.0,0.5,0.0,7.7,0.0,0.0,,0.0,0.0
114,Tommy Sweeney,BUF,TE,0.0,,0.0,5.2,48.5,0.5,0.0,7.5,0.0,0.0,,0.0,0.0
115,Colby Parkinson,SEA,TE,0.0,,0.0,5.4,52.4,0.4,0.1,7.5,0.0,0.0,,0.0,0.0
116,Jack Stoll,PHI,TE,0.0,,0.0,5.4,58.6,0.1,0.0,6.5,0.0,0.0,,0.0,0.0
117,Chris Herndon IV,NO,TE,0.0,,0.0,3.6,43.6,0.4,0.0,6.5,0.0,0.0,,0.0,0.0
118,Nick Bowers,LV,TE,0.0,,0.0,4.0,42.1,0.4,0.0,6.3,0.0,0.0,,0.0,0.0
119,Hunter Kampmoyer,LAC,TE,0.0,,0.0,3.8,39.6,0.4,0.0,6.2,0.0,0.0,,0.0,0.0
120,Reggie Gilliam,BUF,TE,0.0,,0.0,4.2,38.7,0.4,0.0,6.2,0.0,0.0,,0.0,0.0
121,Eric Saubert,DEN,TE,0.0,,0.0,4.1,39.2,0.4,0.0,6.0,0.0,0.0,,0.0,0.0
122,Jace Sternberger,PIT,TE,0.0,,0.0,4.2,40.0,0.3,0.0,6.0,0.0,0.0,,0.0,0.0
123,Jared Pinkney,LAR,TE,0.0,,0.0,3.8,39.2,0.3,0.0,5.8,0.0,0.0,,0.0,0.0
124,Teagan Quitoriano,HOU,TE,0.0,,0.0,4.1,42.0,0.3,0.0,5.8,0.0,0.0,,0.0,0.0
125,Jacob Hollister,LV,TE,0.0,,0.0,3.9,35.3,0.3,0.0,5.6,0.0,0.0,,0.0,0.0
126,Jeremy Ruckert,NYJ,TE,0.0,,0.0,3.7,37.0,0.3,0.0,5.4,0.0,0.0,,0.0,0.0
127,Charlie Woerner,SF,TE,0.0,,0.0,3.5,31.6,0.4,0.0,5.3,0.0,0.0,,0.0,0.0
128,Miller Forristall,CLE,TE,0.0,,0.0,3.5,35.3,0.3,0.1,5.2,0.0,0.0,,0.0,0.0
129,Tyler Mabry,SEA,TE,0.0,,0.0,3.6,36.5,0.2,0.0,5.1,0.0,0.0,,0.0,0.0
130,Antony Auclair,HOU,TE,0.0,,0.0,3.9,38.2,0.2,0.0,5.0,0.0,0.0,,0.0,0.0
131,Nakia Griffin-Stewart,CLE,TE,0.0,,0.0,3.3,33.3,0.3,0.0,5.0,0.0,0.0,,0.0,0.0
132,Parker Hesse,ATL,TE,0.0,,0.0,3.6,33.6,0.2,0.0,4.8,0.0,0.0,,0.0,0.0
133,Mitchell Wilcox,CIN,TE,0.0,,0.0,1.8,18.5,0.2,0.0,2.8,0.0,0.0,,0.0,0.0
134,Stephen Sullivan,CAR,TE,0.0,,0.0,1.8,19.0,0.1,0.0,2.6,0.0,0.0,,0.0,0.0
135,Sammis Reyes,WAS,TE,0.0,,0.0,1.3,14.0,0.1,0.0,2.1,0.0,0.0,,0.0,0.0
136,Cethan Carter,MIA,TE,0.0,,0.0,0.9,9.0,0.1,0.0,1.4,0.0,0.0,,0.0,0.0
137,Jordan Franks,KC,TE,0.0,,0.0,0.0,0.0,0.0,0.0,0.0,0.0,0.0,,0.0,0.0
138,Tanner Hudson,SF,TE,0.0,,0.0,0.0,0.0,0.0,0.0,0.0,0.0,0.0,,0.0,0.0
139,Deon Yelder,ARI,TE,0.0,,0.0,0.0,0.0,0.0,0.0,0.0,0.0,0.0,,0.0,0.0
140,Chris Myarick,NYG,TE,0.0,,0.0,0.0,0.0,0.0,0.0,0.0,0.0,0.0,,0.0,0.0
141,Colin Thompson,CAR,TE,0.0,,0.0,0.0,0.0,0.0,0.0,0.0,0.0,0.0,,0.0,0.0
142,Troy Fumagalli,SF,TE,0.0,,0.0,0.0,0.0,0.0,0.0,0.0,0.0,0.0,,0.0,0.0
143,J.P. Holtz,NO,TE,0.0,,0.0,0.0,0.0,0.0,0.0,0.0,0.0,0.0,,0.0,0.0
144,Noah Togiai,PHI,TE,0.0,,0.0,0.0,0.0,0.0,0.0,0.0,0.0,0.0,,0.0,0.0
145,Ryan Izzo,CAR,TE,0.0,,0.0,0.0,0.0,0.0,0.0,0.0,0.0,0.0,,0.0,0.0
146,Trevon Wesco,NYJ,TE,0.0,,0.0,0.0,0.0,0.0,0.0,0.0,0.0,0.0,,0.0,0.0
147,0,0,TE,0.0,,0.0,0.0,,0.0,0.0,0.0,0.0,0.0,,0.0,0.0
148,0,0,TE,0.0,,0.0,0.0,,0.0,0.0,0.0,0.0,0.0,,0.0,0.0
