"RK",TIERS,"PLAYER NAME",TEAM,"POS","BEST","WORST","AVG.","STD.DEV","ECR VS. ADP"
"1",1,"Christian McCaffrey",CAR,"RB1","1","15","1.6","1.6","+1"
"2",1,"Jonathan Taylor",IND,"RB2","1","4","2.0","0.6","-1"
"3",1,"Austin Ekeler",LAC,"RB3","1","10","3.6","1.6","0"
"4",1,"Dalvin Cook",MIN,"RB4","2","18","6.3","3.3","+3"
"5",2,"Justin Jefferson",MIN,"WR1","2","11","7.4","2.4","+1"
"6",2,"Cooper Kupp",LAR,"WR2","3","13","8.3","2.4","-2"
"7",2,"Najee Harris",PIT,"RB5","2","21","9.2","5.1","+1"
"8",2,"Derrick Henry",TEN,"RB6","2","31","10.5","6.4","-3"
"9",2,"D'Andre Swift",DET,"RB7","2","32","10.6","5.8","+5"
"10",2,"Travis Kelce",KC,"TE1","9","30","10.9","3.9","+5"
"11",2,"Joe Mixon",CIN,"RB8","2","25","11.1","4.8","-1"
"12",2,"Ja'Marr Chase",CIN,"WR3","4","22","11.3","2.6","-3"
"13",3,"Stefon Diggs",BUF,"WR4","8","23","13.3","2.4","-1"
"14",3,"Alvin Kamara",NO,"RB9","3","32","13.5","5.6","-1"
"15",3,"Davante Adams",LV,"WR5","6","22","13.9","2.4","-4"
"16",3,"Saquon Barkley",NYG,"RB10","3","38","14.7","7.5","+5"
"17",3,"Aaron Jones",GB,"RB11","5","32","16.5","5.6","+2"
"18",3,"CeeDee Lamb",DAL,"WR6","11","34","17.3","3.6","+2"
"19",3,"Mark Andrews",BAL,"TE2","9","30","19.9","4.5","+4"
"20",3,"Leonard Fournette",TB,"RB12","5","41","20.2","6.4","+4"
"21",4,"Tyreek Hill",MIA,"WR7","14","37","23.5","3.8","-3"
"22",4,"Mike Evans",TB,"WR8","13","42","24.5","5.0","+4"
"23",4,"Javonte Williams",DEN,"RB13","7","48","24.6","6.4","+2"
"24",4,"Keenan Allen",LAC,"WR9","17","53","25.6","6.4","+3"
"25",4,"Michael Pittman Jr.",IND,"WR10","17","57","26.3","6.6","+10"
"26",4,"Deebo Samuel",SF,"WR11","14","46","26.9","6.7","-10"
"27",4,"Nick Chubb",CLE,"RB14","15","38","28.4","4.7","-10"
"28",4,"A.J. Brown",PHI,"WR12","15","65","29.0","7.8","+3"
"29",4,"Tee Higgins",CIN,"WR13","20","47","29.3","6.2","+4"
"30",4,"Kyle Pitts",ATL,"TE3","9","62","31.2","9.9","+2"
"31",4,"James Conner",ARI,"RB15","16","48","31.5","6.3","-3"
"32",4,"DJ Moore",CAR,"WR14","17","63","31.8","8.3","+10"
"33",4,"Ezekiel Elliott",DAL,"RB16","16","60","33.9","8.3","-3"
"34",4,"Travis Etienne Jr.",JAC,"RB17","16","68","36.0","8.3","+5"
"35",4,"Josh Allen",BUF,"QB1","34","45","36.5","1.4","-13"
"36",5,"Diontae Johnson",PIT,"WR15","20","63","38.2","9.2","+5"
"37",5,"David Montgomery",CHI,"RB18","25","81","42.2","10.8","-1"
"38",5,"Jaylen Waddle",MIA,"WR16","20","83","42.7","11.0","+7"
"39",5,"Courtland Sutton",DEN,"WR17","20","77","42.9","12.5","+17"
"40",5,"Mike Williams",LAC,"WR18","22","86","43.1","11.6","+7"
"41",5,"Terry McLaurin",WAS,"WR19","23","75","44.3","9.5","-1"
"42",5,"Justin Herbert",LAC,"QB2","36","78","45.3","8.5","-8"
"43",5,"Breece Hall",NYJ,"RB19","21","81","45.4","11.7","+8"
"44",5,"Brandin Cooks",HOU,"WR20","28","66","46.3","9.0","+9"
"45",5,"Allen Robinson II",LAR,"WR21","26","96","49.2","12.5","+17"
"46",5,"Patrick Mahomes II",KC,"QB3","37","79","50.2","10.9","-17"
"47",5,"Cam Akers",LAR,"RB20","31","91","51.0","13.5","-9"
"48",5,"George Kittle",SF,"TE4","30","86","51.7","8.5","-11"
"49",5,"AJ Dillon",GB,"RB21","27","81","52.0","10.7","+18"
"50",5,"Lamar Jackson",BAL,"QB4","36","79","52.3","10.9","-7"
"51",5,"DK Metcalf",SEA,"WR22","27","77","54.5","10.9","-5"
"52",6,"Elijah Mitchell",SF,"RB22","35","88","55.4","11.9","-3"
"53",6,"Darren Waller",LV,"TE5","30","95","56.0","9.6","-9"
"54",6,"Josh Jacobs",LV,"RB23","29","94","56.7","13.0","-6"
"55",6,"Darnell Mooney",CHI,"WR23","34","105","57.7","11.6","+17"
"56",6,"Marquise Brown",ARI,"WR24","29","98","57.7","13.1","+4"
"57",6,"Chase Edmonds",MIA,"RB24","25","116","58.6","15.8","+31"
"58",6,"J.K. Dobbins",BAL,"RB25","31","92","59.6","14.6","-8"
"59",6,"Amon-Ra St. Brown",DET,"WR25","29","106","61.3","13.0","+4"
"60",6,"Michael Thomas",NO,"WR26","29","122","62.4","16.3","+17"
"61",6,"Chris Godwin",TB,"WR27","28","109","62.6","16.1","-3"
"62",6,"Rashod Bateman",BAL,"WR28","39","128","63.6","14.7","+27"
"63",6,"Jerry Jeudy",DEN,"WR29","28","106","63.8","13.3","+2"
"64",6,"Antonio Gibson",WAS,"RB26","27","127","64.2","16.9","-5"
"65",6,"Dalton Schultz",DAL,"TE6","30","95","65.0","12.6","-10"
"66",6,"Kyler Murray",ARI,"QB5","36","93","65.7","12.2","-14"
"67",6,"Jalen Hurts",PHI,"QB6","40","100","66.6","12.6","-13"
"68",6,"JuJu Smith-Schuster",KC,"WR30","39","118","68.2","17.1","+5"
"69",6,"Clyde Edwards-Helaire",KC,"RB27","40","116","69.8","12.2","-8"
"70",6,"Dameon Pierce",HOU,"RB28","35","143","71.0","20.0","+17"
"71",6,"Gabriel Davis",BUF,"WR31","33","107","72.3","15.2","-3"
"72",6,"Kareem Hunt",CLE,"RB29","44","114","72.5","12.8","+13"
"73",6,"Amari Cooper",CLE,"WR32","37","109","73.3","15.9","-7"
"74",6,"Tony Pollard",DAL,"RB30","38","110","74.2","13.9","+10"
"75",7,"Elijah Moore",NYJ,"WR33","39","113","74.6","13.6","+15"
"76",7,"Dallas Goedert",PHI,"TE7","51","104","77.7","13.1","-7"
"77",7,"Joe Burrow",CIN,"QB7","45","105","77.9","11.3","-20"
"78",7,"Adam Thielen",MIN,"WR34","53","110","78.8","14.2","-8"
"79",7,"Rhamondre Stevenson",NE,"RB31","41","116","79.2","14.7","+21"
"80",7,"Damien Harris",NE,"RB32","49","114","80.4","11.2","-2"
"81",7,"Rashaad Penny",SEA,"RB33","49","131","80.8","13.9","+5"
"82",7,"Miles Sanders",PHI,"RB34","53","161","81.0","12.9","-3"
"83",7,"Cordarrelle Patterson",ATL,"RB35","27","120","82.7","16.5","-1"
"84",7,"T.J. Hockenson",DET,"TE8","52","118","83.1","12.2","-20"
"85",7,"Devin Singletary",BUF,"RB36","44","127","83.1","13.7","-2"
"86",7,"Tom Brady",TB,"QB8","46","102","84.0","10.2","-15"
"87",7,"Russell Wilson",DEN,"QB9","59","126","85.3","11.0","-13"
"88",7,"Hunter Renfrow",LV,"WR35","53","136","88.9","16.9","-7"
"89",7,"Brandon Aiyuk",SF,"WR36","46","121","89.6","16.1","+8"
"90",7,"DeVonta Smith",PHI,"WR37","57","137","91.2","15.9","+2"
"91",7,"Dak Prescott",DAL,"QB10","69","125","91.6","11.8","-15"
"92",7,"Christian Kirk",JAC,"WR38","54","123","92.0","15.9","+7"
"93",7,"Drake London",ATL,"WR39","54","145","92.3","17.0","+5"
"94",7,"Melvin Gordon III",DEN,"RB37","61","120","94.2","12.6","+11"
"95",7,"Zach Ertz",ARI,"TE9","67","153","95.8","14.0","-4"
"96",7,"Allen Lazard",GB,"WR40","47","146","96.6","18.0","+7"
"97",7,"Trey Lance",SF,"QB11","68","160","97.2","16.6","+5"
"98",7,"Tyler Lockett",SEA,"WR41","58","136","97.6","13.7","-2"
"99",8,"Matthew Stafford",LAR,"QB12","78","125","101.6","11.4","-4"
"100",8,"Aaron Rodgers",GB,"QB13","78","134","102.3","13.1","-25"
"101",8,"Robert Woods",TEN,"WR42","58","188","103.1","17.1","0"
"102",8,"DeAndre Hopkins",ARI,"WR43","57","150","104.7","14.4","-22"
"103",8,"Michael Carter",NYJ,"RB38","62","154","105.0","17.1","+10"
"104",8,"Nyheim Hines",IND,"RB39","70","161","106.1","17.8","+34"
"105",8,"James Cook",BUF,"RB40","70","174","106.7","17.8","+9"
"106",8,"Cole Kmet",CHI,"TE10","71","167","107.0","18.8","+13"
"107",8,"Dawson Knox",BUF,"TE11","67","153","107.8","18.1","-14"
"108",8,"Kadarius Toney",NYG,"WR44","74","156","108.9","13.9","+8"
"109",8,"Pat Freiermuth",PIT,"TE12","89","141","110.2","17.2","-3"
"110",8,"Ken Walker III",SEA,"RB41","74","198","108.8","20.7","+1"
"111",8,"Darrell Henderson Jr.",LAR,"RB42","74","161","111.7","16.8","+20"
"112",8,"Kirk Cousins",MIN,"QB14","79","163","115.2","13.4","+6"
"113",8,"Derek Carr",LV,"QB15","79","164","116.6","14.3","-4"
"114",8,"Chris Olave",NO,"WR45","75","206","114.6","14.7","-7"
"115",8,"Chase Claypool",PIT,"WR46","86","185","121.8","16.4","-5"
"116",8,"J.D. McKissic",WAS,"RB43","91","198","121.9","24.1","+43"
"117",8,"Jakobi Meyers",NE,"WR47","97","202","122.3","16.3","+38"
"118",8,"Tyler Boyd",CIN,"WR48","97","194","122.4","14.1","+16"
"119",8,"Kenneth Gainwell",PHI,"RB44","62","192","123.6","21.0","+28"
"120",8,"James Robinson",JAC,"RB45","73","296","123.9","26.2","-8"
"121",8,"Treylon Burks",TEN,"WR49","75","220","124.1","27.3","+2"
"122",8,"Alexander Mattison",MIN,"RB46","92","174","124.5","14.4","+8"
"123",8,"Russell Gage",TB,"WR50","92","212","127.1","22.7","+17"
"124",8,"Garrett Wilson",NYJ,"WR51","97","210","127.2","21.0","+8"
"125",8,"Skyy Moore",KC,"WR52","85","229","131.9","25.9","+14"
"126",9,"George Pickens",PIT,"WR53","96","315","135.5","36.5","-4"
"127",9,"Tua Tagovailoa",MIA,"QB16","100","197","137.6","19.7","+8"
"128",9,"Khalil Herbert",CHI,"RB47","90","227","138.3","22.1","+53"
"129",9,"Jamaal Williams",DET,"RB48","92","264","140.7","24.1","+34"
"130",9,"Rondale Moore",ARI,"WR54","106","210","141.0","23.3","+46"
"131",9,"Hunter Henry",NE,"TE13","102","299","139.4","23.5","-5"
"132",9,"Justin Fields",CHI,"QB17","79","197","141.5","24.6","+12"
"133",9,"Irv Smith Jr.",MIN,"TE14","93","232","142.0","23.2","+38"
"134",9,"Raheem Mostert",MIA,"RB49","92","235","143.1","23.4","+9"
"135",9,"Jarvis Landry",NO,"WR55","103","206","143.2","22.9","+17"
"136",9,"DeVante Parker",NE,"WR56","103","263","143.7","30.0","+21"
"137",9,"Michael Gallup",DAL,"WR57","98","220","144.5","29.8","+4"
"138",9,"Marquez Valdes-Scantling",KC,"WR58","107","244","144.9","26.3","+8"
"139",9,"Mike Gesicki",MIA,"TE15","93","267","145.3","27.4","-19"
"140",9,"Albert Okwuegbunam",DEN,"TE16","95","232","146.4","23.1","+27"
"141",9,"David Njoku",CLE,"TE17","95","291","147.8","30.9","+15"
"142",9,"Rachaad White",TB,"RB50","88","311","148.8","33.9","+43"
"143",9,"DJ Chark Jr.",DET,"WR59","106","222","149.3","24.8","+2"
"144",9,"Trevor Lawrence",JAC,"QB18","100","202","151.9","22.3","+7"
"145",9,"Tyler Allgeier",ATL,"RB51","102","289","153.7","35.7","+38"
"146",9,"Jahan Dotson",WAS,"WR60","100","285","151.9","32.5","+24"
"147",9,"Julio Jones",TB,"WR61","103","297","153.6","38.1","-5"
"148",9,"Noah Fant",SEA,"TE18","104","260","155.7","26.3","+10"
"149",9,"Tyler Higbee",LAR,"TE19","95","234","161.4","21.5","+4"
"150",9,"Gerald Everett",LAC,"TE20","128","282","161.9","26.6","+34"
"151",9,"Nico Collins",HOU,"WR62","95","244","161.1","34.4","+57"
"152",9,"Kenny Golladay",NYG,"WR63","111","261","163.7","33.9","+34"
"153",9,"Robert Tonyan",GB,"TE21","104","260","165.5","26.5","+22"
"154",9,"Jameis Winston",NO,"QB19","119","254","166.2","25.7","+8"
"155",9,"Evan Engram",JAC,"TE22","128","305","170.6","29.6","+34"
"156",9,"Matt Ryan",IND,"QB20","119","275","168.3","24.3","+10"
"157",9,"Isaiah Spiller",LAC,"RB52","92","321","173.3","49.6","+55"
"158",9,"Joshua Palmer",LAC,"WR64","109","268","172.5","36.3","+33"
"159",9,"Austin Hooper",TEN,"TE23","102","294","173.4","32.9","+41"
"160",9,"Buffalo Bills",BUF,"DST1","139","307","158.1","15.0","-66"
"161",9,"Tampa Bay Buccaneers",TB,"DST2","144","230","161.0","12.8","-53"
"162",10,"Corey Davis",NYJ,"WR65","129","281","177.8","28.7","+61"
"163",10,"Robbie Anderson",CAR,"WR66","120","265","181.0","29.6","+38"
"164",10,"Mark Ingram II",NO,"RB53","108","311","178.3","38.8","+8"
"165",10,"San Francisco 49ers",SF,"DST3","153","266","165.2","16.6","-50"
"166",10,"K.J. Osborn",MIN,"WR67","113","290","182.3","35.1","+69"
"167",10,"Mecole Hardman",KC,"WR68","110","328","184.9","35.5","-3"
"168",10,"Ryan Tannehill",TEN,"QB21","124","357","182.1","33.0","+14"
"169",10,"Zamir White",LV,"RB54","104","327","183.7","47.8","+41"
"170",10,"Indianapolis Colts",IND,"DST4","155","237","171.8","16.4","-53"
"171",10,"Darrel Williams",ARI,"RB55","108","368","188.4","54.1","+59"
"172",10,"Van Jefferson",LAR,"WR69","133","271","190.8","29.1","+52"
"173",10,"Marvin Jones Jr.",JAC,"WR70","111","304","189.8","33.7","+26"
"174",10,"New Orleans Saints",NO,"DST5","156","230","178.4","16.3","-45"
"175",10,"Justin Tucker",BAL,"K1","170","233","177.3","7.5","-71"
"176",10,"Logan Thomas",WAS,"TE24","95","291","192.0","38.2","+43"
"177",10,"Hayden Hurst",CIN,"TE25","128","282","193.7","33.2","+18"
"178",10,"Wan'Dale Robinson",NYG,"WR71","122","304","191.0","41.1","+56"
"179",10,"Jalen Tolbert",DAL,"WR72","109","369","192.6","52.7","+17"
"180",10,"Denver Broncos",DEN,"DST6","156","314","181.5","25.1","-12"
"181",10,"Los Angeles Rams",LAR,"DST7","155","279","183.2","22.9","-57"
"182",10,"Jameson Williams",DET,"WR73","129","340","197.3","36.4","+33"
"183",10,"Isaiah McKenzie",BUF,"WR74","106","304","189.1","57.6","-5"
"184",10,"Daniel Jones",NYG,"QB22","126","365","198.2","39.2","+22"
"185",10,"Mac Jones",NE,"QB23","126","320","198.4","32.4","-5"
"186",10,"New England Patriots",NE,"DST8","156","314","185.1","23.8","-25"
"187",10,"Christian Watson",GB,"WR75","63","311","201.3","41.1","+26"
"188",10,"Tyler Bass",BUF,"K2","175","224","188.0","12.7","-61"
"189",10,"Isiah Pacheco",KC,"RB56","106","351","177.4","54.5","+3"
"190",10,"Brian Robinson Jr.",WAS,"RB57","91","368","195.0","60.7","-42"
"191",10,"D'Onta Foreman",CAR,"RB58","120","321","200.5","41.2","+35"
"192",10,"KJ Hamler",DEN,"WR76","130","343","208.0","39.5","+66"
"193",10,"Parris Campbell",IND,"WR77","130","290","208.7","32.5","+55"
"194",10,"Matt Gay",LAR,"K3","175","288","194.5","18.2","-61"
"195",10,"Dallas Cowboys",DAL,"DST9","156","278","198.6","21.7","-59"
"196",10,"Alec Pierce",IND,"WR78","112","370","208.0","43.1","+26"
"197",10,"Samaje Perine",CIN,"RB59","138","361","202.9","39.2","+65"
"198",10,"Evan McPherson",CIN,"K4","175","302","201.5","25.2","-77"
"199",10,"Jerick McKinnon",KC,"RB60","115","349","209.2","48.3","+22"
"200",10,"Gus Edwards",BAL,"RB61","120","358","210.8","56.2","+47"
"201",10,"Romeo Doubs",GB,"WR79","77","377","187.6","51.7","-24"
"202",10,"Los Angeles Chargers",LAC,"DST10","156","307","201.4","22.6","-52"
"203",10,"Daniel Carlson",LV,"K5","175","287","203.0","18.9","-75"
"204",10,"Brevin Jordan",HOU,"TE26","135","318","211.6","38.4","+65"
"205",10,"Sterling Shepard",NYG,"WR80","130","298","212.1","34.5","-"
"206",10,"Carson Wentz",WAS,"QB24","160","321","217.6","38.7","+3"
"207",11,"Jeff Wilson Jr.",SF,"RB62","116","316","212.9","48.5","+45"
"208",11,"Donovan Peoples-Jones",CLE,"WR81","146","293","214.8","24.7","+49"
"209",11,"Curtis Samuel",WAS,"WR82","123","271","214.3","24.9","+73"
"210",11,"Boston Scott",PHI,"RB63","132","382","214.4","41.9","+64"
"211",11,"Jared Goff",DET,"QB25","160","320","219.4","41.7","0"
"212",11,"Green Bay Packers",GB,"DST11","155","266","205.4","19.4","-75"
"213",11,"Jamison Crowder",BUF,"WR83","122","343","214.2","36.3","+60"
"214",11,"Miami Dolphins",MIA,"DST12","159","250","207.8","17.3","-40"
"215",11,"Ronald Jones II",KC,"RB64","94","357","211.3","67.6","-13"
"216",11,"Rex Burkhead",HOU,"RB65","116","341","216.9","50.3","+56"
"217",11,"David Bell",CLE,"WR84","122","311","218.0","34.2","+54"
"218",11,"Kansas City Chiefs",KC,"DST13","169","324","216.2","26.7","-15"
"219",11,"Ryan Succop",TB,"K6","184","322","217.9","16.1","-40"
"220",11,"Harrison Butker",KC,"K7","175","281","213.7","17.5","-95"
"221",11,"Kenyan Drake",BAL,"RB66","115","386","213.9","61.6","-7"
"222",11,"Damien Williams",ATL,"RB67","131","321","215.4","44.1","-"
"223",11,"Kendrick Bourne",NE,"WR85","137","349","223.0","34.7","+28"
"224",11,"Sony Michel",LAC,"RB68","117","357","207.0","61.0","+32"
"225",11,"Chuba Hubbard",CAR,"RB69","138","330","222.3","46.3","-21"
"226",11,"Zach Wilson",NYJ,"QB26","130","349","232.3","47.3","+6"
"227",11,"Cleveland Browns",CLE,"DST14","164","323","219.7","19.5","-29"
"228",11,"Baker Mayfield",CAR,"QB27","163","338","233.0","43.1","-41"
"229",11,"Baltimore Ravens",BAL,"DST15","155","314","222.8","30.9","-75"
"230",11,"Tyrion Davis-Price",SF,"RB70","127","349","222.8","56.1","+7"
"231",11,"Mo Alie-Cox",IND,"TE27","153","335","228.7","40.6","-"
"232",11,"Matt Prater",ARI,"K8","185","323","223.4","14.5","-83"
"233",11,"A.J. Green",ARI,"WR86","123","301","230.1","29.9","+10"
"234",11,"Philadelphia Eagles",PHI,"DST16","156","278","228.8","26.0","-44"
"235",11,"D'Ernest Johnson",CLE,"RB71","139","343","229.7","41.4","+68"
"236",11,"Zay Jones",JAC,"WR87","146","311","231.5","30.3","-"
"237",11,"Pittsburgh Steelers",PIT,"DST17","159","314","230.0","27.7","-64"
"238",11,"Rodrigo Blankenship",IND,"K9","184","300","234.0","16.1","-33"
"239",11,"Jonnu Smith",NE,"TE28","165","337","241.9","32.7","+78"
"240",11,"Mike Davis",BAL,"RB72","131","393","235.8","50.4","+9"
"241",11,"Laviska Shenault Jr.",CAR,"WR88","145","341","230.7","37.1","+38"
"242",11,"Jason Sanders",MIA,"K10","204","302","237.6","22.6","+18"
"243",11,"Braxton Berrios",NYJ,"WR89","136","333","238.5","32.8","-"
"244",11,"Younghoe Koo",ATL,"K11","181","353","240.3","31.7","-84"
"245",11,"Davis Mills",HOU,"QB28","165","334","249.8","38.3","+18"
"246",11,"Brandon McManus",DEN,"K12","204","288","242.2","16.8","-77"
"247",11,"Byron Pringle",CHI,"WR90","162","317","246.5","24.7","+86"
"248",11,"Arizona Cardinals",ARI,"DST18","180","345","247.1","26.1","+7"
"249",11,"Terrace Marshall Jr.",CAR,"WR91","150","377","247.1","36.5","-"
"250",11,"Nick Folk",NE,"K13","199","339","242.4","26.4","-85"
"251",11,"Sammy Watkins",GB,"WR92","151","346","248.5","40.0","-34"
"252",11,"Tennessee Titans",TEN,"DST19","159","322","255.2","27.7","-12"
"253",11,"Robbie Gould",SF,"K14","209","332","251.1","22.0","-56"
"254",11,"Cincinnati Bengals",CIN,"DST20","159","323","253.4","32.6","-60"
"255",12,"Randall Cobb",GB,"WR93","173","350","254.7","33.7","-1"
"256",12,"Adam Trautman",NO,"TE29","179","360","254.7","37.7","-"
"257",12,"Jake Elliott",PHI,"K15","181","326","253.9","20.6","-30"
"258",12,"Bryan Edwards",ATL,"WR94","187","350","254.0","26.5","-"
"259",12,"Zack Moss",BUF,"RB73","147","369","252.1","44.0","+19"
"260",12,"Eno Benjamin",ARI,"RB74","127","359","242.5","66.3","-18"
"261",12,"Dustin Hopkins",LAC,"K16","182","330","257.7","24.5","-8"
"262",12,"Marcus Mariota",ATL,"QB29","163","373","270.1","47.0","-26"
"263",12,"Cameron Brate",TB,"TE30","166","321","247.3","35.5","-22"
"264",12,"Myles Gaskin",MIA,"RB75","139","365","249.6","57.3","-33"
"265",12,"Cedrick Wilson Jr.",MIA,"WR95","205","346","262.1","27.5","+58"
"266",12,"Nelson Agholor",NE,"WR96","175","355","261.2","31.5","+59"
"267",12,"C.J. Uzomah",NYJ,"TE31","167","371","263.7","34.7","+1"
"268",12,"Carolina Panthers",CAR,"DST21","169","347","268.1","25.8","-2"
"269",12,"Minnesota Vikings",MIN,"DST22","171","347","269.8","28.0","-40"
"270",12,"Wil Lutz",NO,"K17","204","309","271.3","22.5","-63"
"271",12,"Chris Evans",CIN,"RB76","131","351","246.7","54.3","+10"
"272",12,"Trey Sermon",PHI,"RB77","120","380","252.5","58.6","+66"
"273",12,"Chris Boswell",PIT,"K18","191","332","274.6","20.4","-57"
"274",12,"Dan Arnold",JAC,"TE32","167","371","271.7","35.2","-"
"275",12,"Marlon Mack",HOU,"RB78","127","379","235.7","72.8","-50"
"276",12,"Greg Zuerlein",NYJ,"K19","181","342","270.6","39.0","+14"
"277",12,"Matt Breida",NYG,"RB79","157","369","270.1","37.1","-"
"278",12,"Mason Crosby",GB,"K20","215","332","277.3","22.6","-40"
"279",12,"Greg Joseph",MIN,"K21","184","353","278.3","34.5","-61"
"280",12,"Marquez Callaway",NO,"WR97","187","395","269.9","41.2","+14"
"281",12,"Ameer Abdullah",LV,"RB80","120","351","224.3","63.5","-22"
"282",12,"Washington Commanders",WAS,"DST23","161","337","288.1","32.3","-43"
"283",12,"Chicago Bears",CHI,"DST24","170","344","287.6","33.6","-18"
"284",12,"Graham Gano",NYG,"K22","215","332","291.6","22.8","-40"
"285",12,"Trey McBride",ARI,"TE33","232","391","283.3","31.7","-"
"286",12,"Jason Myers",SEA,"K23","218","353","293.4","27.7","-2"
"287",12,"New York Giants",NYG,"DST25","169","345","298.8","30.9","+18"
"288",12,"Mitch Trubisky",PIT,"QB30","186","381","303.9","41.0","-3"
"289",12,"Quez Watkins",PHI,"WR98","210","377","284.8","27.6","+43"
"290",12,"Deshaun Watson",CLE,"QB31","125","387","298.2","58.9","-102"
"291",12,"Dontrell Hilliard",TEN,"RB81","115","392","249.0","72.3","-41"
"292",12,"Hassan Haskins",TEN,"RB82","161","368","289.7","43.9","-31"
"293",12,"Nick Westbrook-Ikhine",TEN,"WR99","150","370","254.0","42.5","-"
"294",12,"Cairo Santos",CHI,"K24","213","353","299.5","27.4","-14"
"295",12,"William Fuller V",FA,"WR100","182","386","255.8","46.0","-"
"296",12,"Randy Bullock",TEN,"K25","184","346","297.8","25.7","-32"
"297",12,"Velus Jones Jr.",CHI,"WR101","158","347","270.5","38.6","-"
"298",12,"Joshua Kelley",LAC,"RB83","192","374","292.4","41.0","-23"
"299",12,"Josh Reynolds",DET,"WR102","223","383","286.4","29.6","-"
"300",12,"Kyle Rudolph",TB,"TE34","153","358","273.1","38.1","-55"
"301",12,"Odell Beckham Jr.",FA,"WR103","186","375","260.9","40.6","-108"
"302",12,"Tyler Conklin",NYJ,"TE35","179","349","262.7","34.9","-14"
"303",12,"New York Jets",NYJ,"DST26","156","355","305.5","35.0","+8"
"304",12,"Tre'Quan Smith",NO,"WR104","220","378","282.6","38.2","-"
"305",12,"Giovani Bernard",TB,"RB84","184","380","292.2","36.1","-"
"306",12,"Devin Duvernay",BAL,"WR105","172","370","269.7","40.5","-19"
"307",12,"Ke'Shawn Vaughn",TB,"RB85","176","368","295.2","35.9","-31"
"308",12,"Seattle Seahawks",SEA,"DST27","159","355","306.9","30.0","-16"
"309",12,"Ka'imi Fairbairn",HOU,"K26","184","353","308.3","29.1","+33"
"310",12,"Isaiah Likely",BAL,"TE36","102","394","267.6","59.3","-77"
"311",12,"Daniel Bellinger",NYG,"TE37","166","364","261.0","34.8","-"
"312",12,"Darius Slayton",NYG,"WR106","216","396","294.5","35.5","-"
"313",13,"Ty Johnson",NYJ,"RB86","189","393","290.6","42.0","-"
"314",13,"Kyren Williams",LAR,"RB87","157","392","304.0","46.5","-"
"315",13,"Jalen Reagor",MIN,"WR107","223","390","295.9","32.5","-"
"316",13,"Pierre Strong Jr.",NE,"RB88","189","365","301.6","37.8","-"
"317",13,"O.J. Howard",HOU,"TE38","182","389","286.7","43.7","+22"
"318",13,"Kyle Philips",TEN,"WR108","166","390","269.4","45.1","-"
"319",13,"Jacksonville Jaguars",JAC,"DST28","155","355","316.1","34.9","+17"
"320",13,"Kenny Pickett",PIT,"QB32","228","391","328.4","29.4","-100"
"321",13,"Greg Dulcich",DEN,"TE39","216","374","289.8","34.2","-"
"322",13,"Geno Smith",SEA,"QB33","229","385","320.8","29.8","-"
"323",13,"Dyami Brown",WAS,"WR109","263","396","308.1","32.6","-"
"324",13,"Quintez Cephus",DET,"WR110","231","395","304.2","32.9","-"
"325",13,"Jacoby Brissett",CLE,"QB34","225","385","322.4","30.1","-"
"326",13,"Harrison Bryant",CLE,"TE40","209","348","288.7","35.7","-"
"327",13,"Jaylen Warren",PIT,"RB89","139","393","285.8","62.0","-44"
"328",13,"Tommy Tremble",CAR,"TE41","219","365","291.7","33.0","-"
"329",13,"Salvon Ahmed",MIA,"RB90","237","393","307.9","35.0","-"
"330",13,"Darrynton Evans",CHI,"RB91","217","392","306.9","35.8","-"
"331",13,"Jerome Ford",CLE,"RB92","198","393","317.5","27.4","-"
"332",13,"Justin Jackson",DET,"RB93","174","382","297.1","51.1","-"
"333",13,"Ty Montgomery",NE,"RB94","169","388","284.3","51.5","-"
"334",13,"Drew Lock",SEA,"QB35","229","397","338.0","34.8","0"
"335",13,"James Proche II",BAL,"WR111","203","349","293.2","37.1","-"
"336",13,"Jimmy Garoppolo",SF,"QB36","202","397","333.8","33.0","-59"
"337",13,"Snoop Conner",JAC,"RB95","235","393","319.7","34.8","-"
"338",13,"Donald Parham Jr.",LAC,"TE42","258","389","314.4","27.3","-"
"339",13,"Phillip Lindsay",FA,"RB96","250","392","309.5","29.8","-"
"340",13,"Chase McLaughlin",FA,"K27","175","347","305.8","38.4","-"
"341",13,"Danny Gray",SF,"WR112","194","396","299.1","51.3","-"
"342",13,"Cade York",CLE,"K28","246","353","307.5","23.7","-96"
"343",13,"Khalil Shakir",BUF,"WR113","212","384","300.7","39.6","-"
"344",13,"Las Vegas Raiders",LV,"DST29","219","355","313.3","31.0","-77"
"345",13,"Emmanuel Sanders",FA,"WR114","216","382","289.4","37.1","-"
"346",13,"Jalen Guyton",LAC,"WR115","228","378","303.3","34.6","-"
"347",13,"Brett Maher",DAL,"K29","215","339","287.2","33.7","-61"
"348",13,"Duke Johnson Jr.",BUF,"RB97","259","371","318.9","27.8","-"
"349",13,"Olamide Zaccheaus",ATL,"WR116","216","396","302.3","45.2","-"
"350",13,"Travis Homer",SEA,"RB98","174","374","282.6","54.4","-"
"351",13,"Foster Moreau",LV,"TE43","236","381","316.7","35.9","-16"
"352",13,"Cole Beasley",FA,"WR117","188","384","284.2","46.4","-"
"353",13,"DeeJay Dallas",SEA,"RB99","199","392","312.5","42.3","-10"
"354",13,"Tyquan Thornton",NE,"WR118","240","373","300.8","34.0","-"
"355",13,"Josh Lambo",FA,"K30","175","342","311.1","33.6","-"
"356",13,"Jelani Woods",IND,"TE44","246","389","323.3","34.4","-"
"357",14,"Detroit Lions",DET,"DST30","253","355","325.2","23.3","-57"
"358",14,"Tyler Badie",BAL,"RB100","186","389","308.0","50.1","-"
"359",14,"Amari Rodgers",GB,"WR119","242","396","328.9","39.8","-"
"360",14,"Tevin Coleman",FA,"RB101","283","388","333.2","23.3","-"
"361",14,"Jaret Patterson",WAS,"RB102","277","393","334.7","27.3","-"
"362",14,"Calvin Austin III",PIT,"WR120","214","390","318.3","39.9","-"
"363",14,"Desmond Ridder",ATL,"QB37","230","397","342.8","36.7","-"
"364",14,"Demarcus Robinson",BAL,"WR121","268","384","324.3","35.2","-"
"365",14,"Jared Cook",FA,"TE45","234","394","295.6","41.8","-"
"366",14,"Taysom Hill",NO,"TE46","165","389","286.9","63.1","-138"
"367",14,"Atlanta Falcons",ATL,"DST31","156","355","327.9","32.3","-"
"368",14,"Jauan Jennings",SF,"WR122","243","383","308.1","34.3","-28"
"369",14,"David Johnson",FA,"RB103","192","377","303.7","37.1","-"
"370",14,"Rashard Higgins",CAR,"WR123","237","390","311.9","46.2","-"
"371",14,"Brandon Bolden",LV,"RB104","176","380","297.8","53.0","-41"
"372",14,"Joey Slye",WAS,"K31","276","353","318.7","18.8","-28"
"373",14,"John Metchie III",HOU,"WR124","223","373","275.7","38.5","-"
"374",14,"T.Y. Hilton",FA,"WR125","268","383","311.9","28.3","-"
"375",14,"Cade Otton",TB,"TE47","232","394","331.1","39.0","-"
"376",14,"Austin Seibert",DET,"K32","175","353","320.9","29.9","-106"
"377",14,"Keaontay Ingram",ARI,"RB105","235","388","328.1","39.9","-"
"378",14,"Anthony Firkser",ATL,"TE48","245","391","325.9","38.8","-"
"379",14,"James Washington",DAL,"WR126","264","396","334.1","34.9","-"
"380",14,"Noah Brown",DAL,"WR127","223","390","310.1","45.9","-"
"381",14,"Equanimeous St. Brown",CHI,"WR128","240","396","324.5","37.3","-"
"382",14,"John Bates",WAS,"TE49","246","391","330.6","34.3","-"
"383",14,"Latavius Murray",FA,"RB106","259","385","321.1","26.0","-"
"384",14,"Anthony Schwartz",CLE,"WR129","263","395","328.2","31.3","-"
"385",14,"Kene Nwangwu",MIN,"RB107","245","393","335.5","39.6","-"
"386",14,"Kylen Granson",IND,"TE50","255","394","340.4","31.0","-"
"387",14,"Sam Darnold",CAR,"QB38","281","393","341.8","23.9","-"
"388",14,"Dee Eskridge",SEA,"WR130","240","384","328.3","42.4","-"
"389",14,"Malcolm Brown",FA,"RB108","278","387","330.0","21.6","-"
"390",14,"Devontae Booker",FA,"RB109","273","368","325.5","19.6","-"
"391",14,"Houston Texans",HOU,"DST32","267","355","329.9","18.8","-63"
"392",14,"Trestan Ebner",CHI,"RB110","198","393","326.4","46.0","-"
"393",14,"Tyler Johnson",HOU,"WR131","262","389","334.9","33.5","-"
"394",14,"Josiah Deguara",GB,"TE51","190","384","343.3","36.4","-"
"395",14,"Zach Pascal",PHI,"WR132","270","383","333.9","34.4","-"
"396",14,"Benny Snell Jr.",PIT,"RB111","271","393","342.3","27.1","-"
"397",14,"Craig Reynolds",DET,"RB112","303","364","335.2","19.2","-"
"398",14,"Kyle Juszczyk",SF,"RB113","174","363","292.4","59.4","-109"
"399",14,"Devonta Freeman",FA,"RB114","277","392","338.6","27.3","-"
"400",14,"Mack Hollins",LV,"WR133","242","396","304.5","44.3","-"
"401",14,"Wayne Gallman Jr.",FA,"RB115","281","386","337.1","24.9","-"
"402",14,"Will Dissly",SEA,"TE52","255","389","335.4","34.6","-"
"403",14,"Jordan Mason",SF,"RB116","162","382","289.3","61.7","-"
"404",14,"Pharaoh Brown",HOU,"TE53","305","389","344.1","18.6","-"
"405",14,"Malik Willis",TEN,"QB39","231","397","342.8","38.1","-64"
"406",14,"Ty Chandler",MIN,"RB117","259","382","317.1","40.4","-"
"407",14,"Ashton Dulin",IND,"WR134","247","396","337.7","41.0","-"
"408",14,"Justin Watson",KC,"WR135","240","395","335.1","42.3","-"
"409",14,"Chris Conley",FA,"WR136","242","396","329.1","45.8","-"
"410",14,"Tutu Atwell",LAR,"WR137","262","396","336.4","36.5","-"
"411",14,"Demetric Felton Jr.",CLE,"RB118","199","386","316.7","51.4","-"
"412",14,"Riley Patterson",JAC,"K33","281","353","325.5","21.3","-"
"413",14,"Juwan Johnson",NO,"TE54","291","394","347.3","28.4","-"
"414",14,"Tristan Vizcaino",FA,"K34","191","342","311.2","39.8","-"
"415",14,"Deonte Harty",NO,"WR138","247","387","324.6","39.7","-"
"416",14,"Jamal Agnew",JAC,"WR139","270","395","347.8","36.9","-"
"417",14,"Geoff Swaim",TEN,"TE55","267","389","330.8","34.9","-"
"418",14,"Eddy Pineiro",CAR,"K35","308","353","329.7","15.6","-"
"419",14,"Phillip Dorsett II",HOU,"WR140","269","384","330.3","36.3","-"
"420",14,"Tony Jones Jr.",NO,"RB119","257","393","348.9","30.3","-"
"421",14,"Dare Ogunbowale",HOU,"RB120","216","382","301.1","50.6","-"
"422",14,"Antonio Brown",FA,"WR141","262","378","317.8","43.0","-"
"423",15,"Tylan Wallace",BAL,"WR142","269","396","349.3","36.6","-"
"424",15,"Ben Skowronek",LAR,"WR143","297","390","335.9","29.6","-"
"425",15,"Jonathan Garibay",FA,"K36","300","342","321.3","14.3","-"
"426",15,"Chris Moore",HOU,"WR144","216","378","317.6","44.3","-"
"427",15,"Laquon Treadwell",FA,"WR145","295","369","337.5","25.8","-"
"428",15,"Ian Thomas",CAR,"TE56","263","394","355.7","29.6","-"
"429",15,"Denzel Mims",NYJ,"WR146","304","395","358.4","26.1","-"
"430",15,"Joe Flacco",NYJ,"QB40","299","397","359.1","33.4","-"
"431",15,"Kylin Hill",GB,"RB121","289","388","358.1","24.7","-"
"432",15,"Justice Hill",BAL,"RB122","274","380","327.0","36.6","-"
"433",15,"Jake Ferguson",DAL,"TE57","294","391","353.6","24.9","-"
"434",15,"Ihmir Smith-Marsette",CHI,"WR147","286","379","347.6","28.7","-"
"435",15,"Durham Smythe",MIA,"TE58","325","391","356.7","16.4","-"
"436",15,"N'Keal Harry",CHI,"WR148","261","383","346.0","33.8","-"
"437",15,"Jeremy Ruckert",NYJ,"TE59","309","394","356.3","21.2","-"
"438",15,"JaMycal Hasty",JAC,"RB123","272","393","342.7","45.6","-"
"439",15,"Teddy Bridgewater",MIA,"QB41","300","370","335.0","21.8","-"
"440",15,"Anthony McFarland Jr.",PIT,"RB124","310","378","343.7","26.1","-"
"441",15,"Antoine Wesley",ARI,"WR149","265","396","347.8","38.5","-"
"442",15,"Quinn Nordin",FA,"K37","181","342","293.4","57.9","-"
"443",15,"Lance McCutcheon",LAR,"WR150","222","350","296.8","42.6","-"
"444",15,"Kalif Raymond",DET,"WR151","328","390","357.6","19.7","-"
"445",15,"Mike Boone",DEN,"RB125","289","386","354.1","31.7","-"
"446",15,"Ryan Griffin",CHI,"TE60","319","371","351.4","18.4","-"
"447",15,"Royce Freeman",HOU,"RB126","200","386","316.4","78.3","-"
"448",15,"Noah Gray",KC,"TE61","333","394","366.9","17.1","-"
"449",15,"Sam Howell",WAS,"QB42","290","341","320.4","16.6","-"
"450",15,"Chigoziem Okonkwo",TEN,"TE62","319","388","364.0","18.3","-"
"451",15,"Justyn Ross",KC,"WR152","222","383","323.4","59.0","-"
"452",15,"Gary Brightwell",NYG,"RB127","311","383","344.7","26.1","-"
"453",15,"Blake Jarwin",FA,"TE63","273","388","345.4","40.6","-"
"454",15,"Jonathan Williams",WAS,"RB128","283","384","337.5","31.2","-"
"455",15,"Jordan Akins",HOU,"TE64","320","389","358.2","19.5","-"
"456",15,"Carlos Hyde",FA,"RB129","274","393","340.0","43.8","-"
"457",15,"Tarik Cohen",FA,"RB130","318","376","341.8","21.3","-"
"458",15,"Montrell Washington",DEN,"WR153","270","373","333.0","40.3","-"
"459",15,"Patrick Ricard",BAL,"RB131","272","325","290.3","24.5","-"
"460",15,"Chris Herndon IV",FA,"TE65","260","371","337.4","43.4","-"
"461",15,"Charlie Kolar",BAL,"TE66","267","369","322.8","41.6","-"
"462",15,"Freddie Swain",MIA,"WR154","298","377","348.3","27.1","-"
"463",15,"Gardner Minshew II",PHI,"QB43","290","392","338.6","33.4","-"
"464",15,"Auden Tate",FA,"WR155","287","384","348.7","31.2","-"
"465",15,"Tyrell Williams",FA,"WR156","244","395","339.4","60.5","-"
"466",15,"Abram Smith",FA,"RB132","315","387","350.7","34.7","-"
"467",15,"Eric Ebron",FA,"TE67","282","391","358.0","35.7","-"
"468",15,"Jeremy McNichols",PIT,"RB133","313","359","328.5","17.9","-"
"469",15,"Bo Melton",SEA,"WR157","229","390","328.8","60.2","-"
"470",15,"Tyler Huntley",BAL,"QB44","331","397","358.9","23.4","-"
"471",15,"Brock Wright",DET,"TE68","282","394","343.6","37.4","-"
"472",15,"C.J. Ham",MIN,"RB134","320","382","343.6","24.5","-"
"473",15,"Jordan Howard",FA,"RB135","326","392","345.0","23.8","-"
"474",15,"Antonio Williams",NYG,"RB136","211","322","266.5","55.5","-"
"475",15,"Larry Rountree III",LAC,"RB137","331","382","354.2","16.9","-"
"476",15,"Tyler Kroft",SF,"TE69","314","389","346.2","26.1","-"
"477",15,"Deon Jackson",IND,"RB138","336","392","366.1","17.8","-"
"478",15,"Julius Chestnut",TEN,"RB139","324","368","347.4","16.4","-"
"479",15,"Jonathan Ward",ARI,"RB140","296","337","315.3","16.8","-"
"480",15,"Derrick Gore",FA,"RB141","313","368","339.0","24.7","-"
"481",15,"Breshad Perriman",TB,"WR158","304","384","351.2","27.6","-"
"482",15,"Le'Veon Bell",FA,"RB142","310","332","320.3","9.0","-"
"483",15,"Miles Boykin",PIT,"WR159","344","383","365.0","16.5","-"
"484",15,"Simi Fehoko",DAL,"WR160","304","395","352.4","34.9","-"
"485",15,"Keelan Cole Sr.",FA,"WR161","324","390","365.6","21.5","-"
"486",15,"Tyron Johnson",LV,"WR162","306","377","353.6","25.6","-"
"487",15,"Maxx Williams",ARI,"TE70","348","391","361.0","14.5","-"
"488",15,"Kevin Harris",NE,"RB143","296","385","356.2","33.8","-"
"489",15,"Qadree Ollison",DAL,"RB144","321","387","357.2","27.8","-"
"490",15,"Jermar Jefferson",DET,"RB145","326","386","357.6","23.4","-"
"491",15,"Brycen Hopkins",LAR,"TE71","341","394","369.4","17.2","-"
"492",15,"James O'Shaughnessy",FA,"TE72","325","376","359.0","19.4","-"
"493",15,"Scotty Miller",TB,"WR163","304","381","350.3","28.9","-"
"494",15,"DeSean Jackson",FA,"WR164","293","384","335.0","37.5","-"
"495",15,"Tim Jones",JAC,"WR165","306","373","337.3","27.5","-"
"496",15,"Carlos Martinez",DAL,"K38","276","339","307.5","31.5","-"
"497",15,"Jashaun Corbin",NYG,"RB146","328","354","338.7","11.1","-"
"498",15,"Cole Turner",WAS,"TE73","315","391","354.3","27.1","-"
"499",15,"Jalen Wydermyer",NE,"TE74","267","394","340.0","53.6","-"
"500",15,"Kennedy Brooks",PHI,"RB147","276","393","354.5","46.7","-"
"501",15,"Nick Vannett",NO,"TE75","294","391","340.3","39.7","-"
"502",15,"Rico Dowdle",DAL,"RB148","336","392","373.4","19.3","-"
"503",15,"Tre' McKitty",LAC,"TE76","334","383","355.8","17.8","-"
"504",15,"Damiere Byrd",ATL,"WR166","333","378","364.8","16.3","-"
"505",15,"Blake Bell",KC,"TE77","345","394","364.8","21.9","-"
"506",15,"Jacob Harris",LAR,"TE78","340","346","343.0","2.5","-"
"507",15,"Cam Sims",WAS,"WR167","351","395","374.6","12.0","-"
"508",15,"Jody Fortson",KC,"TE79","297","391","344.0","38.4","-"
"509",15,"James McCourt",JAC,"K39","339","353","344.7","6.0","-"
"510",15,"Dez Fitzpatrick",TEN,"WR168","351","389","371.7","13.9","-"
"511",15,"Godwin Igwebuike",FA,"RB149","258","382","320.0","62.0","-"
"512",15,"Trayveon Williams",CIN,"RB150","337","392","366.8","18.7","-"
"513",15,"Dante Pettis",CHI,"WR169","304","384","346.7","32.9","-"
"514",15,"Ray-Ray McCloud",SF,"WR170","311","387","359.8","29.0","-"
"515",15,"Jimmy Graham",FA,"TE80","325","376","359.8","20.9","-"
"516",15,"Tyrod Taylor",NYG,"QB45","335","393","367.4","24.3","-"
"517",16,"Mike Strachan",IND,"WR171","306","344","325.0","19.0","-"
"518",16,"Marcedes Lewis",GB,"TE81","319","394","369.8","27.0","-"
"519",16,"Marquise Goodwin",SEA,"WR172","311","346","328.5","17.5","-"
"520",16,"Erik Ezukanma",MIA,"WR173","360","378","370.6","5.9","-"
"521",16,"Drew Sample",CIN,"TE82","349","389","370.8","13.2","-"
"522",16,"Alec Ingold",MIA,"RB151","331","368","354.7","16.8","-"
"523",16,"Andrew Jacas",SF,"K40","331","336","333.5","2.5","-"
"524",16,"Hunter Long",MIA,"TE83","350","360","355.3","4.1","-"
"525",16,"Trent Sherfield",MIA,"WR174","343","395","376.8","20.0","-"
"526",16,"David Sills V",NYG,"WR175","298","378","338.0","40.0","-"
"527",16,"Patrick Taylor Jr.",GB,"RB152","312","364","338.0","26.0","-"
"528",16,"Tyler Davis",GB,"TE84","344","376","358.0","13.4","-"
"529",16,"KhaDarel Hodge",ATL,"WR176","328","377","359.0","22.0","-"
"530",16,"Zach Gentry",PIT,"TE85","348","389","374.6","15.7","-"
"531",16,"Keith Smith",ATL,"RB153","359","388","369.0","11.2","-"
"532",16,"Ryan Santoso",FA,"K41","332","353","342.5","10.5","-"
"533",16,"Shi Smith",CAR,"WR177","315","372","343.5","28.5","-"
"534",16,"Jake Funk",LAR,"RB154","329","392","370.8","24.5","-"
"535",16,"Mike Thomas",CIN,"WR178","311","377","344.0","33.0","-"
"536",16,"Nick Boyle",BAL,"TE86","325","370","347.5","22.5","-"
"537",16,"Zonovan Knight",NYJ,"RB155","350","392","364.7","19.3","-"
"538",16,"DeAndre Carter",LAC,"WR179","336","384","366.0","21.4","-"
"539",16,"Ross Dwelley",SF,"TE87","331","374","352.5","21.5","-"
"540",16,"Brandon Zylstra",FA,"WR180","333","378","355.5","22.5","-"
"541",16,"Josh Gordon",TEN,"WR181","343","395","370.3","21.3","-"
"542",16,"Johnny Mundt",MIN,"TE88","354","385","371.0","12.8","-"
"543",16,"Kendall Blanton",KC,"TE89","344","375","359.5","15.5","-"
"544",16,"KaVontae Turpin",DAL,"WR182","350","372","361.0","11.0","-"
"545",16,"Jakob Johnson",LV,"RB156","364","364","364.0","0.0","-"
"546",16,"Dezmon Patmon",IND,"WR183","372","379","375.3","2.9","-"
"547",16,"James Mitchell",DET,"TE90","339","391","365.0","26.0","-"
"548",16,"Andrew Beck",DEN,"TE91","364","374","369.0","5.0","-"
"549",16,"Chris Myarick",NYG,"TE92","354","391","372.5","18.5","-"
"550",16,"Cyril Grayson Jr.",FA,"WR184","372","380","376.0","4.0","-"
"551",16,"Colby Parkinson",SEA,"TE93","366","391","378.5","12.5","-"
"552",16,"Taiwan Jones",BUF,"RB157","388","388","388.0","0.0","-"
"553",16,"Albert Wilson",FA,"WR185","384","393","388.5","4.5","-"
"554",16,"Blaine Gabbert",TB,"QB46","385","397","391.0","6.0","-"